acc_x,acc_y,acc_z,gyro_x,gyro_y,gyro_z,imu_temp,roll_deg,pitch_deg,pressure,baro_temp,imu_ok,baro_ok,interval_ms,yaw_deg,quat_x,quat_y,quat_z,quat_w
0.05,-0.22,0.99,3.97,21.17,11.17,27.31,-12.36,-1.12,1008.13,27.08,1.00,1.00,21.00,-16.55,-0.11,0.01,-0.14,0.98
0.03,-0.22,1.00,3.58,21.06,8.89,27.30,-12.28,-0.70,1008.13,27.08,1.00,1.00,21.00,-16.37,-0.11,0.01,-0.14,0.98
0.02,-0.23,1.00,4.13,19.97,6.43,27.32,-12.21,-0.30,1008.13,27.08,1.00,1.00,21.00,-16.23,-0.11,0.01,-0.14,0.98
0.02,-0.21,1.00,4.36,11.23,3.89,27.33,-12.11,-0.08,1008.12,27.08,1.00,1.00,21.00,-16.15,-0.10,0.01,-0.14,0.98
0.02,-0.21,1.00,2.84,5.68,1.81,27.32,-12.04,0.02,1008.13,27.10,1.00,1.00,21.00,-16.11,-0.10,0.01,-0.14,0.98
0.01,-0.22,0.99,1.48,3.80,-0.24,27.30,-12.01,0.08,1008.13,27.10,1.00,1.00,21.00,-16.12,-0.10,0.02,-0.14,0.98
0.01,-0.21,0.97,2.32,2.46,-0.73,27.32,-11.97,0.12,1008.12,27.10,1.00,1.00,21.00,-16.13,-0.10,0.02,-0.14,0.98
0.01,-0.20,0.96,5.70,2.17,0.05,27.32,-11.85,0.15,1008.12,27.10,1.00,1.00,21.00,-16.13,-0.10,0.02,-0.14,0.98
-0.00,-0.19,0.97,10.38,4.88,1.04,27.30,-11.62,0.25,1008.12,27.10,1.00,1.00,21.00,-16.11,-0.10,0.02,-0.14,0.99
-0.00,-0.20,0.98,11.36,9.17,0.57,27.32,-11.39,0.44,1008.13,27.10,1.00,1.00,21.00,-16.10,-0.10,0.02,-0.14,0.99
-0.01,-0.20,0.99,10.50,11.55,0.87,27.33,-11.17,0.67,1008.13,27.10,1.00,1.00,21.00,-16.08,-0.10,0.02,-0.14,0.99
-0.01,-0.18,0.97,9.52,10.33,2.13,27.34,-10.96,0.88,1008.13,27.10,1.00,1.00,21.00,-16.03,-0.09,0.02,-0.14,0.99
-0.02,-0.17,0.98,9.66,8.96,2.51,27.32,-10.75,1.07,1008.12,27.10,1.00,1.00,21.00,-15.98,-0.09,0.02,-0.14,0.99
-0.01,-0.17,0.98,9.49,10.59,1.63,27.34,-10.54,1.27,1008.12,27.10,1.00,1.00,21.00,-15.95,-0.09,0.02,-0.14,0.99
-0.00,-0.17,0.98,9.87,12.51,1.48,27.32,-10.32,1.51,1008.12,27.10,1.00,1.00,21.00,-15.92,-0.09,0.03,-0.14,0.99
-0.01,-0.17,0.99,11.91,12.17,2.56,27.31,-10.06,1.74,1008.12,27.11,1.00,1.00,21.00,-15.86,-0.08,0.03,-0.14,0.99
-0.01,-0.15,0.99,13.03,9.25,2.44,27.34,-9.77,1.91,1008.12,27.11,1.00,1.00,21.00,-15.81,-0.08,0.03,-0.14,0.99
-0.01,-0.15,0.99,11.75,6.02,1.40,27.34,-9.51,2.01,1008.12,27.11,1.00,1.00,21.00,-15.78,-0.08,0.03,-0.14,0.99
-0.01,-0.16,0.99,9.10,3.71,-0.58,27.33,-9.31,2.06,1008.12,27.11,1.00,1.00,21.00,-15.79,-0.08,0.03,-0.14,0.99
-0.01,-0.16,1.00,9.30,3.61,-0.78,27.32,-9.12,2.10,1008.12,27.11,1.00,1.00,21.00,-15.81,-0.08,0.03,-0.14,0.99
-0.01,-0.15,0.99,10.56,4.10,0.73,27.33,-8.89,2.16,1008.12,27.11,1.00,1.00,21.00,-15.80,-0.07,0.03,-0.14,0.99
-0.02,-0.14,0.99,10.64,4.04,2.12,27.32,-8.65,2.23,1008.12,27.11,1.00,1.00,21.00,-15.75,-0.07,0.03,-0.14,0.99
-0.03,-0.14,0.99,9.90,3.64,2.09,27.34,-8.44,2.29,1008.12,27.11,1.00,1.00,21.00,-15.71,-0.07,0.03,-0.13,0.99
-0.03,-0.14,1.00,8.81,3.32,2.33,27.34,-8.25,2.34,1008.12,27.11,1.00,1.00,21.00,-15.66,-0.07,0.03,-0.13,0.99
-0.02,-0.13,0.98,8.04,4.14,3.73,27.34,-8.07,2.40,1008.12,27.11,1.00,1.00,21.00,-15.58,-0.07,0.03,-0.13,0.99
-0.03,-0.12,0.97,8.77,4.84,3.78,27.33,-7.86,2.49,1008.11,27.11,1.00,1.00,21.00,-15.50,-0.07,0.03,-0.13,0.99
-0.04,-0.13,0.99,11.06,3.90,3.70,27.32,-7.63,2.57,1008.11,27.11,1.00,1.00,21.00,-15.42,-0.06,0.03,-0.13,0.99
-0.03,-0.13,0.98,12.22,2.93,4.05,27.33,-7.38,2.62,1008.11,27.11,1.00,1.00,21.00,-15.34,-0.06,0.03,-0.13,0.99
-0.03,-0.11,0.98,12.49,3.39,5.12,27.33,-7.11,2.67,1008.11,27.11,1.00,1.00,21.00,-15.23,-0.06,0.03,-0.13,0.99
-0.04,-0.11,0.98,15.01,4.33,8.60,27.32,-6.79,2.75,1008.11,27.11,1.00,1.00,21.00,-15.05,-0.06,0.03,-0.13,0.99
-0.05,-0.12,0.98,19.53,4.53,13.14,27.33,-6.39,2.84,1008.11,27.11,1.00,1.00,21.00,-14.77,-0.05,0.03,-0.13,0.99
-0.04,-0.10,0.99,21.90,6.27,16.53,27.34,-5.93,2.96,1008.11,27.11,1.00,1.00,21.00,-14.43,-0.05,0.03,-0.12,0.99
-0.04,-0.10,0.99,21.18,9.43,17.81,27.35,-5.49,3.15,1008.11,27.11,1.00,1.00,21.00,-14.05,-0.04,0.03,-0.12,0.99
-0.04,-0.10,0.99,19.83,11.33,17.47,27.33,-5.08,3.37,1008.11,27.11,1.00,1.00,21.00,-13.69,-0.04,0.03,-0.12,0.99
-0.05,-0.08,1.01,21.28,13.46,14.03,27.34,-4.63,3.64,1008.11,27.11,1.00,1.00,21.00,-13.39,-0.04,0.04,-0.12,0.99
-0.05,-0.08,1.02,22.46,13.53,11.31,27.33,-4.17,3.90,1008.11,27.11,1.00,1.00,21.00,-13.15,-0.03,0.04,-0.11,0.99
-0.04,-0.07,1.03,21.55,11.00,10.15,27.36,-3.72,4.09,1008.11,27.11,1.00,1.00,21.00,-12.94,-0.03,0.04,-0.11,0.99
-0.05,-0.05,1.03,17.07,8.20,8.21,27.37,-3.36,4.24,1008.11,27.11,1.00,1.00,21.00,-12.77,-0.02,0.04,-0.11,0.99
-0.07,-0.05,1.04,12.48,6.43,5.04,27.35,-3.09,4.36,1008.11,27.11,1.00,1.00,21.00,-12.66,-0.02,0.04,-0.11,0.99
-0.07,-0.06,1.04,9.59,3.52,3.64,27.32,-2.89,4.42,1008.11,27.11,1.00,1.00,21.00,-12.59,-0.02,0.04,-0.11,0.99
-0.07,-0.04,1.03,7.52,2.77,4.51,27.33,-2.73,4.47,1008.11,27.13,1.00,1.00,21.00,-12.49,-0.02,0.04,-0.11,0.99
-0.09,-0.03,1.01,5.76,4.78,4.31,27.36,-2.59,4.58,1008.11,27.13,1.00,1.00,21.00,-12.40,-0.02,0.04,-0.11,0.99
-0.09,-0.04,0.99,4.69,5.64,3.98,27.34,-2.48,4.71,1008.11,27.13,1.00,1.00,21.00,-12.32,-0.02,0.04,-0.11,0.99
-0.09,-0.03,0.99,3.31,5.46,4.28,27.35,-2.40,4.83,1008.11,27.13,1.00,1.00,21.00,-12.23,-0.02,0.04,-0.11,0.99
-0.09,-0.02,0.97,2.09,4.18,4.02,27.34,-2.33,4.93,1008.11,27.13,1.00,1.00,21.00,-12.14,-0.02,0.04,-0.10,0.99
-0.10,-0.03,0.98,2.75,1.76,4.31,27.33,-2.27,4.98,1008.10,27.13,1.00,1.00,21.00,-12.05,-0.02,0.05,-0.10,0.99
-0.09,-0.03,0.97,4.46,1.27,3.95,27.36,-2.17,5.01,1008.10,27.13,1.00,1.00,21.00,-11.97,-0.01,0.05,-0.10,0.99
-0.09,-0.02,0.97,6.33,2.82,3.38,27.36,-2.01,5.08,1008.10,27.13,1.00,1.00,21.00,-11.90,-0.01,0.05,-0.10,0.99
-0.10,-0.01,0.97,7.97,3.00,2.05,27.35,-1.82,5.16,1008.10,27.13,1.00,1.00,21.00,-11.85,-0.01,0.05,-0.10,0.99
-0.09,-0.02,0.98,9.33,0.65,0.57,27.36,-1.61,5.18,1008.10,27.13,1.00,1.00,21.00,-11.84,-0.01,0.05,-0.10,0.99
-0.09,-0.02,0.99,10.65,-0.89,1.53,27.34,-1.39,5.16,1008.11,27.13,1.00,1.00,21.00,-11.81,-0.01,0.05,-0.10,0.99
-0.09,-0.01,0.99,13.85,-0.83,5.73,27.34,-1.09,5.14,1008.11,27.13,1.00,1.00,21.00,-11.69,-0.00,0.05,-0.10,0.99
-0.07,0.01,0.99,17.20,2.52,11.99,27.35,-0.70,5.17,1008.11,27.13,1.00,1.00,21.00,-11.44,-0.00,0.05,-0.10,0.99
-0.06,0.02,0.97,21.26,5.09,19.95,27.33,-0.23,5.24,1008.11,27.13,1.00,1.00,21.00,-11.02,0.00,0.05,-0.10,0.99
-0.09,-0.00,0.98,27.41,5.15,26.78,27.35,0.34,5.34,1008.11,27.13,1.00,1.00,21.00,-10.46,0.01,0.05,-0.09,0.99
-0.09,-0.00,0.98,28.65,7.97,23.99,27.34,0.92,5.50,1008.11,27.13,1.00,1.00,21.00,-9.95,0.01,0.05,-0.09,1.00
-0.09,0.00,0.99,26.94,12.18,16.81,27.37,1.46,5.74,1008.12,27.13,1.00,1.00,21.00,-9.60,0.02,0.05,-0.08,1.00
-0.09,0.02,1.00,24.41,11.04,11.02,27.36,1.96,5.96,1008.12,27.13,1.00,1.00,21.00,-9.37,0.02,0.05,-0.08,1.00
-0.09,0.04,0.99,21.65,7.20,8.21,27.36,2.42,6.09,1008.13,27.13,1.00,1.00,21.00,-9.20,0.03,0.05,-0.08,1.00
-0.10,0.05,1.00,18.81,4.30,6.38,27.36,2.81,6.17,1008.13,27.13,1.00,1.00,21.00,-9.06,0.03,0.05,-0.08,1.00
-0.10,0.06,1.00,17.64,2.29,6.53,27.35,3.19,6.21,1008.13,27.13,1.00,1.00,21.00,-8.93,0.03,0.05,-0.08,1.00
-0.12,0.06,1.02,15.88,1.77,6.29,27.36,3.52,6.25,1008.14,27.13,1.00,1.00,21.00,-8.79,0.03,0.05,-0.08,0.99
-0.12,0.08,1.01,12.91,2.43,4.51,27.37,3.80,6.31,1008.14,27.13,1.00,1.00,21.00,-8.70,0.04,0.05,-0.08,0.99
-0.11,0.09,1.01,11.29,4.39,4.16,27.36,4.05,6.40,1008.14,27.13,1.00,1.00,21.00,-8.61,0.04,0.05,-0.08,0.99
-0.12,0.09,1.00,9.98,4.87,5.61,27.37,4.27,6.50,1008.15,27.14,1.00,1.00,21.00,-8.49,0.04,0.05,-0.08,0.99
-0.12,0.08,1.02,7.90,2.94,4.64,27.38,4.44,6.57,1008.15,27.14,1.00,1.00,21.00,-8.40,0.04,0.05,-0.08,0.99
-0.11,0.08,1.02,4.62,2.06,1.16,27.37,4.54,6.61,1008.15,27.14,1.00,1.00,21.00,-8.37,0.04,0.05,-0.08,0.99
-0.11,0.09,1.00,1.71,1.00,-1.30,27.37,4.58,6.62,1008.15,27.14,1.00,1.00,21.00,-8.40,0.04,0.05,-0.08,0.99
-0.11,0.10,1.00,0.82,-0.96,-1.36,27.37,4.62,6.60,1008.15,27.14,1.00,1.00,21.00,-8.43,0.04,0.05,-0.08,0.99
-0.11,0.11,0.99,0.47,-1.03,0.88,27.36,4.66,6.57,1008.16,27.14,1.00,1.00,21.00,-8.41,0.04,0.05,-0.08,0.99
-0.11,0.11,0.98,0.46,0.08,4.10,27.37,4.70,6.57,1008.16,27.14,1.00,1.00,21.00,-8.32,0.04,0.05,-0.07,0.99
-0.11,0.10,0.98,0.52,1.32,5.76,27.37,4.73,6.59,1008.16,27.14,1.00,1.00,21.00,-8.20,0.05,0.05,-0.07,0.99
-0.11,0.08,0.98,0.34,1.59,6.42,27.35,4.74,6.61,1008.16,27.14,1.00,1.00,21.00,-8.07,0.05,0.05,-0.07,0.99
-0.11,0.10,0.97,0.44,1.19,6.76,27.36,4.77,6.64,1008.16,27.14,1.00,1.00,21.00,-7.93,0.05,0.05,-0.07,0.99
-0.10,0.10,0.96,2.39,1.77,8.96,27.37,4.85,6.66,1008.16,27.14,1.00,1.00,21.00,-7.74,0.05,0.06,-0.07,0.99
-0.11,0.10,0.96,5.89,1.80,10.60,27.36,4.99,6.70,1008.17,27.15,1.00,1.00,21.00,-7.51,0.05,0.06,-0.07,1.00
-0.12,0.08,0.98,9.01,2.46,9.87,27.37,5.17,6.75,1008.17,27.15,1.00,1.00,21.00,-7.31,0.05,0.06,-0.07,1.00
-0.11,0.09,0.98,10.26,3.87,8.59,27.37,5.38,6.82,1008.17,27.15,1.00,1.00,21.00,-7.13,0.05,0.06,-0.06,1.00
-0.10,0.10,0.97,9.59,4.56,9.05,27.35,5.59,6.90,1008.17,27.15,1.00,1.00,21.00,-6.94,0.05,0.06,-0.06,0.99
-0.11,0.11,0.97,9.70,4.59,9.18,27.36,5.81,6.98,1008.17,27.15,1.00,1.00,21.00,-6.74,0.05,0.06,-0.06,0.99
-0.13,0.10,0.98,10.97,2.79,6.96,27.37,6.03,7.05,1008.17,27.15,1.00,1.00,21.00,-6.60,0.06,0.06,-0.06,0.99
-0.13,0.10,1.00,12.03,1.18,2.81,27.35,6.27,7.08,1008.17,27.15,1.00,1.00,21.00,-6.54,0.06,0.06,-0.06,0.99
-0.12,0.11,1.00,10.27,1.47,-0.57,27.36,6.48,7.11,1008.17,27.15,1.00,1.00,21.00,-6.55,0.06,0.06,-0.06,0.99
-0.11,0.12,1.00,6.88,0.94,0.03,27.37,6.63,7.11,1008.17,27.15,1.00,1.00,21.00,-6.55,0.06,0.06,-0.06,0.99
-0.11,0.12,1.00,4.87,-0.29,2.16,27.37,6.73,7.09,1008.17,27.15,1.00,1.00,21.00,-6.51,0.06,0.06,-0.06,0.99
-0.13,0.13,1.00,4.68,-0.64,1.55,27.36,6.84,7.09,1008.17,27.15,1.00,1.00,21.00,-6.47,0.06,0.06,-0.06,0.99
-0.12,0.13,1.00,3.91,-0.76,-0.15,27.37,6.93,7.07,1008.17,27.15,1.00,1.00,21.00,-6.48,0.06,0.06,-0.06,0.99
-0.11,0.13,1.00,2.55,0.62,-0.97,27.37,7.00,7.07,1008.17,27.15,1.00,1.00,21.00,-6.50,0.06,0.06,-0.06,0.99
-0.11,0.13,0.99,2.20,0.33,0.77,27.37,7.05,7.07,1008.17,27.15,1.00,1.00,21.00,-6.48,0.06,0.06,-0.06,0.99
-0.10,0.13,1.00,2.68,1.36,4.33,27.39,7.12,7.07,1008.17,27.16,1.00,1.00,21.00,-6.39,0.07,0.06,-0.06,0.99
-0.11,0.13,0.98,1.55,2.81,7.01,27.41,7.16,7.11,1008.17,27.16,1.00,1.00,21.00,-6.24,0.07,0.06,-0.06,0.99
-0.11,0.14,0.98,-0.13,3.70,7.12,27.39,7.18,7.17,1008.17,27.16,1.00,1.00,21.00,-6.09,0.07,0.06,-0.06,0.99
-0.10,0.14,0.97,-0.90,2.59,6.86,27.39,7.19,7.20,1008.17,27.16,1.00,1.00,21.00,-5.95,0.07,0.06,-0.06,0.99
-0.09,0.16,0.96,-4.80,1.36,10.24,27.38,7.13,7.20,1008.17,27.16,1.00,1.00,21.00,-5.73,0.07,0.06,-0.05,0.99
-0.10,0.14,0.95,-8.48,2.18,15.71,27.38,6.98,7.22,1008.17,27.16,1.00,1.00,21.00,-5.40,0.06,0.06,-0.05,0.99
-0.11,0.15,0.94,-2.14,5.80,16.25,27.37,6.97,7.33,1008.17,27.16,1.00,1.00,21.00,-5.06,0.06,0.06,-0.05,0.99
-0.13,0.14,0.94,3.11,7.76,15.25,27.37,7.07,7.49,1008.17,27.16,1.00,1.00,21.00,-4.74,0.06,0.06,-0.05,0.99
-0.11,0.15,0.94,3.79,8.36,14.28,27.37,7.18,7.65,1008.17,27.16,1.00,1.00,21.00,-4.44,0.07,0.06,-0.04,0.99
-0.12,0.13,0.95,5.59,8.26,15.79,27.39,7.31,7.81,1008.17,27.16,1.00,1.00,21.00,-4.11,0.07,0.07,-0.04,0.99
-0.13,0.12,0.97,10.17,8.02,14.82,27.37,7.52,7.98,1008.17,27.16,1.00,1.00,21.00,-3.80,0.07,0.07,-0.04,0.99
-0.13,0.15,0.96,14.17,8.91,11.94,27.39,7.83,8.15,1008.17,27.17,1.00,1.00,21.00,-3.55,0.07,0.07,-0.04,0.99
-0.14,0.16,0.95,15.75,6.60,9.44,27.41,8.19,8.30,1008.17,27.17,1.00,1.00,21.00,-3.35,0.07,0.07,-0.03,0.99
-0.14,0.16,0.95,18.33,4.13,4.76,27.37,8.60,8.39,1008.17,27.17,1.00,1.00,21.00,-3.25,0.08,0.07,-0.03,0.99
-0.16,0.14,1.00,21.46,3.04,-0.36,27.38,9.02,8.46,1008.16,27.17,1.00,1.00,21.00,-3.26,0.08,0.07,-0.03,0.99
-0.14,0.14,1.02,20.20,0.10,-1.95,27.39,9.41,8.44,1008.16,27.17,1.00,1.00,21.00,-3.30,0.08,0.07,-0.03,0.99
-0.13,0.17,1.00,14.19,-2.67,1.59,27.37,9.71,8.36,1008.16,27.17,1.00,1.00,21.00,-3.27,0.09,0.07,-0.03,0.99
-0.14,0.18,1.00,12.65,-5.64,3.51,27.39,9.98,8.24,1008.16,27.17,1.00,1.00,21.00,-3.19,0.09,0.07,-0.03,0.99
-0.15,0.18,1.00,15.37,-7.35,2.13,27.38,10.30,8.09,1008.16,27.17,1.00,1.00,21.00,-3.15,0.09,0.07,-0.03,0.99
-0.13,0.18,1.01,17.13,-9.86,-0.11,27.39,10.65,7.87,1008.16,27.17,1.00,1.00,21.00,-3.15,0.09,0.07,-0.03,0.99
-0.11,0.20,1.00,16.08,-14.86,-0.91,27.39,11.00,7.53,1008.16,27.17,1.00,1.00,21.00,-3.17,0.10,0.06,-0.03,0.99
-0.08,0.22,0.97,15.72,-22.97,3.83,27.39,11.36,7.00,1008.16,27.17,1.00,1.00,21.00,-3.09,0.10,0.06,-0.03,0.99
-0.08,0.21,0.97,18.04,-27.02,8.53,27.43,11.75,6.40,1008.16,27.18,1.00,1.00,21.00,-2.91,0.10,0.05,-0.03,0.99
-0.08,0.21,0.97,19.65,-29.35,10.55,27.39,12.17,5.76,1008.16,27.18,1.00,1.00,21.00,-2.69,0.11,0.05,-0.03,0.99
-0.07,0.22,0.96,18.31,-28.15,11.86,27.41,12.56,5.15,1008.16,27.18,1.00,1.00,21.00,-2.44,0.11,0.04,-0.03,0.99
-0.09,0.21,0.97,15.97,-23.56,11.31,27.42,12.88,4.67,1008.16,27.18,1.00,1.00,21.00,-2.20,0.11,0.04,-0.02,0.99
-0.10,0.21,1.00,12.65,-14.45,5.19,27.39,13.12,4.39,1008.16,27.18,1.00,1.00,21.00,-2.09,0.11,0.04,-0.02,0.99
-0.08,0.22,1.01,6.93,-4.09,-1.57,27.40,13.25,4.30,1008.16,27.18,1.00,1.00,21.00,-2.12,0.12,0.04,-0.02,0.99
-0.04,0.25,0.99,-1.53,4.07,-5.51,27.39,13.24,4.35,1008.16,27.18,1.00,1.00,21.00,-2.24,0.12,0.04,-0.02,0.99
-0.05,0.25,1.00,-9.55,4.28,-9.02,27.40,13.06,4.40,1008.16,27.18,1.00,1.00,21.00,-2.43,0.11,0.04,-0.03,0.99
-0.08,0.20,1.06,-19.26,-0.60,-19.07,27.41,12.62,4.39,1008.16,27.18,1.00,1.00,21.00,-2.83,0.11,0.04,-0.03,0.99
-0.08,0.21,1.07,-33.10,-6.90,-36.49,27.42,11.90,4.24,1008.16,27.18,1.00,1.00,21.00,-3.60,0.10,0.03,-0.04,0.99
-0.05,0.23,1.03,-43.48,-8.06,-43.34,27.39,11.02,4.04,1008.16,27.18,1.00,1.00,21.00,-4.51,0.10,0.03,-0.04,0.99
-0.05,0.21,0.99,-51.22,-10.95,-41.27,27.40,9.99,3.79,1008.16,27.18,1.00,1.00,21.00,-5.37,0.09,0.03,-0.05,0.99
-0.07,0.19,0.99,-53.82,-18.38,-29.83,27.40,8.90,3.41,1008.16,27.18,1.00,1.00,21.00,-6.00,0.08,0.03,-0.05,1.00
-0.03,0.20,0.93,-49.78,-19.66,-14.40,27.39,7.94,2.98,1008.15,27.18,1.00,1.00,21.00,-6.30,0.07,0.02,-0.06,1.00
-0.06,0.15,0.92,-38.99,-10.54,2.12,27.42,7.17,2.77,1008.16,27.19,1.00,1.00,21.00,-6.26,0.06,0.02,-0.06,1.00
-0.08,0.10,0.95,-32.07,-10.09,7.03,27.40,6.49,2.60,1008.16,27.19,1.00,1.00,21.00,-6.11,0.06,0.02,-0.05,1.00
-0.07,0.08,0.97,-29.84,-13.77,5.54,27.42,5.84,2.35,1008.15,27.19,1.00,1.00,21.00,-5.99,0.05,0.02,-0.05,1.00
-0.03,0.13,0.97,-31.12,-12.25,2.60,27.41,5.24,2.08,1008.15,27.19,1.00,1.00,21.00,-5.94,0.05,0.02,-0.05,1.00
-0.02,0.10,0.95,-31.96,-5.15,-1.88,27.42,4.60,1.96,1008.15,27.19,1.00,1.00,21.00,-5.98,0.04,0.01,-0.05,1.00
-0.05,0.05,0.99,-25.76,-4.80,-5.82,27.42,4.03,1.88,1008.15,27.19,1.00,1.00,21.00,-6.10,0.04,0.01,-0.05,1.00
-0.03,0.07,0.99,-21.98,-7.52,-7.39,27.43,3.58,1.73,1008.15,27.19,1.00,1.00,21.00,-6.26,0.03,0.01,-0.06,1.00
-0.02,0.08,0.97,-21.50,-6.09,-3.50,27.42,3.16,1.59,1008.15,27.19,1.00,1.00,21.00,-6.33,0.03,0.01,-0.06,1.00
-0.04,0.05,0.98,-18.28,-5.86,3.25,27.40,2.79,1.49,1008.15,27.19,1.00,1.00,21.00,-6.26,0.02,0.01,-0.05,1.00
-0.04,0.05,0.96,-12.35,-3.57,5.15,27.42,2.54,1.43,1008.15,27.19,1.00,1.00,21.00,-6.15,0.02,0.01,-0.05,1.00
-0.03,0.05,0.94,-3.74,1.20,4.01,27.39,2.48,1.47,1008.15,27.19,1.00,1.00,21.00,-6.07,0.02,0.01,-0.05,1.00
-0.05,0.04,0.95,1.33,1.64,3.70,27.42,2.50,1.53,1008.15,27.19,1.00,1.00,21.00,-5.99,0.02,0.01,-0.05,1.00
-0.03,0.03,0.96,2.90,2.36,1.57,27.41,2.54,1.58,1008.15,27.19,1.00,1.00,21.00,-5.96,0.02,0.01,-0.05,1.00
-0.03,0.02,0.98,2.54,5.39,-0.06,27.42,2.57,1.69,1008.15,27.19,1.00,1.00,21.00,-5.96,0.02,0.01,-0.05,1.00
-0.02,0.05,0.97,4.09,6.72,-0.20,27.42,2.66,1.82,1008.15,27.19,1.00,1.00,21.00,-5.96,0.02,0.01,-0.05,1.00
-0.03,0.02,1.03,6.77,1.10,-1.34,27.41,2.77,1.83,1008.15,27.19,1.00,1.00,21.00,-5.99,0.02,0.01,-0.05,1.00
-0.02,0.05,1.03,4.88,-3.90,-4.56,27.39,2.86,1.74,1008.15,27.19,1.00,1.00,21.00,-6.09,0.03,0.01,-0.05,1.00
-0.03,0.05,1.02,3.05,-8.96,-6.46,27.42,2.93,1.56,1008.15,27.19,1.00,1.00,21.00,-6.22,0.03,0.01,-0.05,1.00
-0.02,0.05,1.02,3.14,-11.32,-6.82,27.44,3.00,1.32,1008.15,27.19,1.00,1.00,21.00,-6.37,0.03,0.01,-0.06,1.00
-0.02,0.06,1.02,2.44,-11.19,-5.09,27.42,3.05,1.08,1008.15,27.19,1.00,1.00,21.00,-6.47,0.03,0.01,-0.06,1.00
-0.02,0.06,0.99,3.16,-12.25,-1.64,27.43,3.12,0.83,1008.15,27.19,1.00,1.00,21.00,-6.51,0.03,0.01,-0.06,1.00
-0.01,0.05,0.99,5.80,-12.61,-1.72,27.43,3.24,0.56,1008.14,27.19,1.00,1.00,21.00,-6.54,0.03,0.00,-0.06,1.00
-0.01,0.06,0.98,6.16,-10.85,-2.87,27.41,3.37,0.34,1008.14,27.19,1.00,1.00,21.00,-6.60,0.03,0.00,-0.06,1.00
-0.00,0.07,0.97,6.36,-9.59,-0.84,27.42,3.52,0.14,1008.14,27.19,1.00,1.00,21.00,-6.62,0.03,-0.00,-0.06,1.00
-0.00,0.06,0.98,8.52,-8.44,2.38,27.43,3.70,-0.03,1008.14,27.19,1.00,1.00,21.00,-6.57,0.03,-0.00,-0.06,1.00
-0.01,0.07,0.99,9.88,-5.54,3.15,27.43,3.91,-0.14,1008.14,27.20,1.00,1.00,21.00,-6.51,0.03,-0.00,-0.06,1.00
-0.01,0.07,1.00,8.78,-4.55,2.16,27.44,4.10,-0.22,1008.14,27.20,1.00,1.00,21.00,-6.46,0.04,-0.00,-0.06,1.00
0.00,0.07,0.99,7.50,-5.15,0.88,27.42,4.26,-0.32,1008.14,27.20,1.00,1.00,21.00,-6.44,0.04,-0.00,-0.06,1.00
0.01,0.08,0.99,7.61,-5.14,-1.27,27.45,4.42,-0.43,1008.14,27.20,1.00,1.00,21.00,-6.47,0.04,-0.01,-0.06,1.00
-0.00,0.07,1.01,7.76,-4.05,-3.03,27.44,4.57,-0.50,1008.14,27.20,1.00,1.00,21.00,-6.53,0.04,-0.01,-0.06,1.00
0.02,0.07,1.02,5.54,-1.09,-1.76,27.42,4.68,-0.53,1008.14,27.20,1.00,1.00,21.00,-6.57,0.04,-0.01,-0.06,1.00
0.01,0.07,1.01,3.22,0.81,0.88,27.45,4.74,-0.52,1008.14,27.20,1.00,1.00,21.00,-6.55,0.04,-0.01,-0.06,1.00
0.01,0.08,1.01,1.59,-0.02,1.87,27.44,4.76,-0.52,1008.14,27.20,1.00,1.00,21.00,-6.51,0.04,-0.01,-0.06,1.00
0.01,0.08,1.00,1.35,-1.63,-0.08,27.44,4.79,-0.56,1008.14,27.20,1.00,1.00,21.00,-6.51,0.04,-0.01,-0.06,1.00
0.00,0.08,1.01,1.23,-2.12,-2.32,27.44,4.81,-0.59,1008.14,27.20,1.00,1.00,21.00,-6.56,0.04,-0.01,-0.06,1.00
0.01,0.07,1.00,0.14,-1.67,-3.30,27.45,4.80,-0.63,1008.14,27.20,1.00,1.00,21.00,-6.63,0.04,-0.01,-0.06,1.00
0.01,0.08,1.01,-0.35,-2.48,-3.23,27.45,4.78,-0.68,1008.14,27.20,1.00,1.00,21.00,-6.70,0.04,-0.01,-0.06,1.00
0.02,0.08,1.01,-1.22,-1.53,-2.41,27.45,4.76,-0.72,1008.14,27.20,1.00,1.00,21.00,-6.75,0.04,-0.01,-0.06,1.00
0.02,0.07,1.01,-2.94,0.59,-0.43,27.45,4.68,-0.72,1008.14,27.20,1.00,1.00,21.00,-6.76,0.04,-0.01,-0.06,1.00
0.02,0.08,1.01,-4.93,2.27,1.98,27.45,4.58,-0.68,1008.14,27.20,1.00,1.00,21.00,-6.72,0.04,-0.01,-0.06,1.00
0.02,0.11,0.99,-6.19,1.21,3.73,27.46,4.48,-0.66,1008.14,27.20,1.00,1.00,21.00,-6.64,0.04,-0.01,-0.06,1.00
0.03,0.07,1.03,-7.22,-3.81,4.61,27.45,4.32,-0.76,1008.14,27.20,1.00,1.00,21.00,-6.54,0.04,-0.01,-0.06,1.00
0.05,0.08,1.03,-12.81,-6.53,5.04,27.47,4.06,-0.94,1008.14,27.20,1.00,1.00,21.00,-6.44,0.03,-0.01,-0.06,1.00
0.03,0.08,1.00,-22.85,-3.99,7.58,27.44,3.61,-1.03,1008.14,27.20,1.00,1.00,21.00,-6.28,0.03,-0.01,-0.05,1.00
0.01,0.06,1.01,-26.35,-3.87,10.19,27.47,3.06,-1.10,1008.14,27.20,1.00,1.00,21.00,-6.06,0.03,-0.01,-0.05,1.00
0.03,0.05,1.00,-23.96,1.68,10.64,27.46,2.56,-1.07,1008.14,27.20,1.00,1.00,21.00,-5.84,0.02,-0.01,-0.05,1.00
0.02,0.05,0.98,-21.78,9.61,11.88,27.46,2.12,-0.88,1008.14,27.20,1.00,1.00,21.00,-5.59,0.02,-0.01,-0.05,1.00
0.01,0.04,0.97,-18.65,11.04,12.22,27.46,1.75,-0.64,1008.14,27.20,1.00,1.00,21.00,-5.33,0.01,-0.01,-0.05,1.00
0.00,0.02,0.97,-14.45,6.59,8.93,27.46,1.44,-0.50,1008.14,27.20,1.00,1.00,21.00,-5.15,0.01,-0.00,-0.04,1.00
0.01,0.03,0.97,-11.98,3.72,4.14,27.45,1.20,-0.42,1008.14,27.21,1.00,1.00,21.00,-5.06,0.01,-0.00,-0.04,1.00
-0.02,0.03,0.96,-12.54,7.27,2.19,27.45,0.95,-0.24,1008.14,27.21,1.00,1.00,21.00,-5.01,0.01,-0.00,-0.04,1.00
-0.02,0.02,0.96,-11.03,9.07,3.32,27.47,0.72,-0.02,1008.14,27.21,1.00,1.00,21.00,-4.94,0.01,-0.00,-0.04,1.00
-0.02,-0.01,1.00,-6.26,7.94,3.60,27.46,0.57,0.17,1008.14,27.21,1.00,1.00,21.00,-4.87,0.01,0.00,-0.04,1.00
0.00,-0.00,1.01,-3.03,8.67,3.56,27.45,0.50,0.34,1008.14,27.21,1.00,1.00,21.00,-4.79,0.00,0.00,-0.04,1.00
-0.01,0.01,1.00,-4.48,9.73,5.65,27.47,0.41,0.55,1008.14,27.21,1.00,1.00,21.00,-4.67,0.00,0.00,-0.04,1.00
-0.02,-0.00,1.01,-6.44,6.86,7.23,27.46,0.27,0.71,1008.14,27.21,1.00,1.00,21.00,-4.52,0.00,0.01,-0.04,1.00
-0.01,0.00,1.02,-7.24,5.59,5.27,27.46,0.12,0.82,1008.14,27.21,1.00,1.00,21.00,-4.41,0.00,0.01,-0.04,1.00
-0.03,-0.00,1.02,-8.69,6.24,2.96,27.46,-0.06,0.96,1008.14,27.21,1.00,1.00,21.00,-4.35,-0.00,0.01,-0.04,1.00
-0.02,-0.01,1.02,-10.67,7.18,2.56,27.44,-0.29,1.12,1008.14,27.21,1.00,1.00,21.00,-4.30,-0.00,0.01,-0.04,1.00
-0.01,-0.01,1.01,-12.17,9.81,3.73,27.47,-0.54,1.31,1008.14,27.21,1.00,1.00,21.00,-4.22,-0.00,0.01,-0.04,1.00
-0.01,-0.01,1.00,-10.84,9.42,5.07,27.47,-0.76,1.48,1008.14,27.23,1.00,1.00,21.00,-4.11,-0.01,0.01,-0.04,1.00
-0.00,-0.02,1.01,-6.76,2.51,4.09,27.45,-0.91,1.51,1008.14,27.23,1.00,1.00,21.00,-4.02,-0.01,0.01,-0.04,1.00
-0.01,-0.03,1.00,-5.00,-4.65,1.43,27.46,-1.03,1.39,1008.14,27.23,1.00,1.00,21.00,-3.99,-0.01,0.01,-0.03,1.00
-0.01,-0.02,1.00,-5.46,-7.92,-1.43,27.45,-1.15,1.21,1008.14,27.23,1.00,1.00,21.00,-4.02,-0.01,0.01,-0.04,1.00
-0.02,-0.03,1.00,-5.50,-7.51,-2.88,27.44,-1.27,1.06,1008.14,27.23,1.00,1.00,21.00,-4.09,-0.01,0.01,-0.04,1.00
-0.02,-0.02,0.99,-3.92,-5.89,-3.18,27.47,-1.36,0.94,1008.14,27.23,1.00,1.00,21.00,-4.15,-0.01,0.01,-0.04,1.00
-0.02,-0.02,0.98,-1.03,-5.06,-2.41,27.47,-1.37,0.84,1008.14,27.23,1.00,1.00,21.00,-4.20,-0.01,0.01,-0.04,1.00
-0.02,-0.02,1.00,0.78,-5.69,-1.79,27.45,-1.35,0.73,1008.14,27.23,1.00,1.00,21.00,-4.24,-0.01,0.01,-0.04,1.00
-0.02,-0.04,1.00,0.43,-4.26,-1.26,27.49,-1.36,0.65,1008.14,27.23,1.00,1.00,21.00,-4.27,-0.01,0.01,-0.04,1.00
-0.02,-0.03,1.01,-0.74,-1.16,-0.32,27.47,-1.38,0.63,1008.14,27.23,1.00,1.00,21.00,-4.27,-0.01,0.01,-0.04,1.00
-0.02,-0.03,1.01,-0.57,-0.10,1.25,27.49,-1.40,0.65,1008.14,27.23,1.00,1.00,21.00,-4.25,-0.01,0.01,-0.04,1.00
-0.02,-0.03,1.01,-0.16,-1.09,0.74,27.49,-1.41,0.63,1008.13,27.23,1.00,1.00,21.00,-4.23,-0.01,0.01,-0.04,1.00
-0.02,-0.03,0.99,-0.71,0.14,-0.85,27.49,-1.43,0.64,1008.13,27.23,1.00,1.00,21.00,-4.25,-0.01,0.01,-0.04,1.00
-0.01,-0.03,0.99,0.20,2.45,-1.28,27.47,-1.42,0.69,1008.13,27.23,1.00,1.00,21.00,-4.28,-0.01,0.01,-0.04,1.00
-0.01,-0.03,0.99,2.06,2.75,0.12,27.47,-1.39,0.74,1008.14,27.23,1.00,1.00,21.00,-4.27,-0.01,0.01,-0.04,1.00
-0.00,-0.03,0.99,3.58,1.53,-0.37,27.49,-1.32,0.76,1008.14,27.23,1.00,1.00,21.00,-4.28,-0.01,0.01,-0.04,1.00
-0.02,-0.02,0.99,3.74,0.61,-3.96,27.48,-1.24,0.78,1008.14,27.23,1.00,1.00,21.00,-4.36,-0.01,0.01,-0.04,1.00
-0.01,-0.02,1.00,2.17,0.72,-4.43,27.49,-1.19,0.79,1008.13,27.23,1.00,1.00,21.00,-4.46,-0.01,0.01,-0.04,1.00
-0.01,-0.02,1.00,2.21,1.60,-2.41,27.48,-1.15,0.81,1008.13,27.23,1.00,1.00,21.00,-4.51,-0.01,0.01,-0.04,1.00
-0.01,-0.02,1.00,4.25,2.26,-0.62,27.49,-1.06,0.85,1008.13,27.23,1.00,1.00,21.00,-4.52,-0.01,0.01,-0.04,1.00
-0.01,-0.01,1.00,4.59,2.95,-0.47,27.49,-0.96,0.91,1008.13,27.23,1.00,1.00,21.00,-4.53,-0.01,0.01,-0.04,1.00
-0.01,-0.01,1.00,3.24,1.36,-1.08,27.49,-0.89,0.93,1008.13,27.23,1.00,1.00,21.00,-4.55,-0.01,0.01,-0.04,1.00
-0.02,-0.01,1.00,3.18,-1.22,-2.27,27.48,-0.82,0.91,1008.13,27.23,1.00,1.00,21.00,-4.60,-0.01,0.01,-0.04,1.00
-0.01,-0.02,1.01,4.24,-1.71,-3.63,27.50,-0.74,0.87,1008.13,27.23,1.00,1.00,21.00,-4.68,-0.01,0.01,-0.04,1.00
-0.01,-0.02,1.01,4.23,-1.90,-3.65,27.49,-0.66,0.83,1008.13,27.23,1.00,1.00,21.00,-4.75,-0.01,0.01,-0.04,1.00
-0.01,-0.00,0.99,3.52,-3.71,-2.49,27.48,-0.57,0.75,1008.13,27.26,1.00,1.00,21.00,-4.81,-0.00,0.01,-0.04,1.00
-0.02,-0.01,0.99,4.67,-4.79,-2.59,27.50,-0.48,0.66,1008.13,27.26,1.00,1.00,21.00,-4.86,-0.00,0.01,-0.04,1.00
-0.01,-0.01,0.97,7.07,-5.38,-5.05,27.53,-0.33,0.54,1008.13,27.26,1.00,1.00,21.00,-4.97,-0.00,0.00,-0.04,1.00
0.01,0.00,0.96,9.40,-8.16,-10.75,27.48,-0.12,0.36,1008.13,27.26,1.00,1.00,21.00,-5.19,-0.00,0.00,-0.05,1.00
0.04,0.01,0.95,11.70,-18.21,-24.69,27.50,0.13,-0.08,1008.13,27.26,1.00,1.00,21.00,-5.71,0.00,-0.00,-0.05,1.00
-0.02,-0.02,0.96,14.07,-41.99,-55.23,27.49,0.39,-0.91,1008.13,27.26,1.00,1.00,21.00,-6.87,0.00,-0.01,-0.06,1.00
-0.11,-0.06,0.99,16.01,-94.70,-116.14,27.48,0.64,-2.72,1008.13,27.26,1.00,1.00,21.00,-9.31,0.00,-0.02,-0.08,1.00
0.01,0.06,1.06,6.36,-118.64,-172.08,27.47,0.83,-5.11,1008.13,27.26,1.00,1.00,21.00,-12.92,0.00,-0.05,-0.11,0.99
0.14,-0.01,1.08,-18.38,-98.63,-203.46,27.50,0.43,-7.19,1008.12,27.26,1.00,1.00,21.00,-17.20,-0.01,-0.06,-0.15,0.99
0.12,-0.03,1.04,-40.90,-65.25,-203.43,27.50,-0.46,-8.52,1008.12,27.26,1.00,1.00,21.00,-21.47,-0.02,-0.07,-0.19,0.98
0.06,-0.07,1.01,-45.69,-44.22,-187.91,27.50,-1.47,-9.33,1008.12,27.26,1.00,1.00,21.00,-25.41,-0.03,-0.08,-0.22,0.97
0.15,0.05,1.01,-29.26,-19.42,-168.24,27.53,-1.98,-9.71,1008.12,27.26,1.00,1.00,21.00,-28.95,-0.04,-0.08,-0.25,0.96
0.32,0.05,1.00,-13.74,5.07,-118.10,27.51,-2.16,-9.76,1008.12,27.26,1.00,1.00,21.00,-31.43,-0.04,-0.08,-0.27,0.96
0.33,0.03,1.02,-0.96,27.57,-35.40,27.49,-2.11,-9.36,1008.12,27.26,1.00,1.00,21.00,-32.17,-0.04,-0.07,-0.28,0.96
0.27,0.01,1.02,5.54,32.94,48.67,27.50,-1.93,-8.79,1008.12,27.26,1.00,1.00,21.00,-31.15,-0.04,-0.07,-0.27,0.96
0.18,0.05,1.02,4.84,37.45,118.33,27.51,-1.74,-8.05,1008.12,27.26,1.00,1.00,21.00,-28.66,-0.03,-0.06,-0.25,0.97
0.11,0.08,0.98,6.43,53.72,196.53,27.52,-1.48,-6.91,1008.12,27.26,1.00,1.00,21.00,-24.54,-0.03,-0.06,-0.21,0.98
0.13,0.10,0.97,10.26,69.65,250.36,27.51,-1.12,-5.49,1008.12,27.26,1.00,1.00,21.00,-19.28,-0.02,-0.05,-0.17,0.98
0.12,0.10,1.00,16.05,79.38,250.36,27.50,-0.65,-3.88,1008.12,27.26,1.00,1.00,21.00,-14.02,-0.01,-0.03,-0.12,0.99
0.12,0.10,0.97,28.10,71.57,250.36,27.49,0.06,-2.47,1008.11,27.26,1.00,1.00,21.00,-8.76,-0.00,-0.02,-0.08,1.00
0.08,0.08,0.98,45.89,52.65,250.36,27.51,1.09,-1.44,1008.11,27.26,1.00,1.00,21.00,-3.51,0.01,-0.01,-0.03,1.00
-0.02,0.10,0.98,72.78,14.44,250.36,27.51,2.68,-1.09,1008.11,27.26,1.00,1.00,21.00,1.75,0.02,-0.01,0.02,1.00
-0.03,0.08,0.97,80.21,-8.73,210.22,27.51,4.37,-1.22,1008.11,27.26,1.00,1.00,21.00,6.17,0.04,-0.01,0.05,1.00
-0.06,0.04,0.97,63.54,-11.94,141.07,27.51,5.64,-1.37,1008.11,27.26,1.00,1.00,21.00,9.13,0.05,-0.01,0.08,1.00
-0.07,0.05,1.03,38.76,-9.54,82.21,27.52,6.38,-1.47,1008.11,27.26,1.00,1.00,21.00,10.85,0.06,-0.01,0.10,0.99
-0.05,0.04,1.05,13.74,-1.58,42.46,27.50,6.57,-1.42,1008.11,27.26,1.00,1.00,21.00,11.75,0.06,-0.01,0.10,0.99
0.03,0.06,1.01,-6.76,18.99,14.12,27.48,6.37,-1.03,1008.11,27.26,1.00,1.00,21.00,12.04,0.06,-0.00,0.11,0.99
0.01,0.09,0.97,-14.17,33.23,0.90,27.52,6.05,-0.34,1008.11,27.26,1.00,1.00,21.00,12.06,0.05,0.00,0.11,0.99
-0.04,0.11,0.95,-18.68,36.02,-12.36,27.52,5.68,0.45,1008.11,27.26,1.00,1.00,21.00,11.80,0.05,0.01,0.10,0.99
-0.04,0.11,0.98,-21.49,32.02,-28.31,27.52,5.25,1.15,1008.11,27.26,1.00,1.00,21.00,11.21,0.04,0.01,0.10,0.99
-0.04,0.09,1.01,-23.22,26.97,-41.21,27.54,4.77,1.72,1008.10,27.26,1.00,1.00,21.00,10.34,0.04,0.02,0.09,1.00
-0.05,0.06,1.02,-27.04,23.23,-56.06,27.52,4.18,2.22,1008.10,27.26,1.00,1.00,21.00,9.16,0.03,0.02,0.08,1.00
-0.07,0.05,1.02,-32.88,21.97,-72.73,27.51,3.47,2.72,1008.10,27.26,1.00,1.00,21.00,7.64,0.03,0.03,0.07,1.00
-0.16,0.01,1.03,-41.08,16.60,-97.67,27.53,2.57,3.18,1008.11,27.26,1.00,1.00,21.00,5.59,0.02,0.03,0.05,1.00
-0.19,0.03,0.99,-52.55,10.39,-134.72,27.53,1.47,3.55,1008.11,27.26,1.00,1.00,21.00,2.76,0.01,0.03,0.02,1.00
-0.11,0.05,0.97,-65.63,12.56,-179.47,27.52,0.14,3.87,1008.10,27.26,1.00,1.00,21.00,-1.01,0.00,0.03,-0.01,1.00
-0.01,-0.03,1.01,-73.98,13.00,-223.56,27.52,-1.41,4.07,1008.11,27.29,1.00,1.00,21.00,-5.71,-0.01,0.04,-0.05,1.00
-0.01,-0.08,1.01,-68.87,-6.84,-239.20,27.50,-2.89,3.86,1008.11,27.29,1.00,1.00,21.00,-10.73,-0.02,0.04,-0.09,0.99
-0.02,-0.08,1.01,-59.03,-40.55,-245.20,27.53,-4.15,2.97,1008.11,27.29,1.00,1.00,21.00,-15.88,-0.03,0.03,-0.14,0.99
0.05,-0.07,1.00,-50.45,-62.22,-243.07,27.53,-5.19,1.57,1008.11,27.29,1.00,1.00,21.00,-20.98,-0.04,0.02,-0.18,0.98
0.10,-0.08,1.04,-39.55,-62.71,-226.39,27.52,-5.98,0.14,1008.11,27.29,1.00,1.00,21.00,-25.74,-0.05,0.01,-0.22,0.97
0.20,-0.13,1.03,-21.83,-45.95,-169.36,27.52,-6.45,-1.03,1008.12,27.29,1.00,1.00,21.00,-29.29,-0.06,0.01,-0.25,0.97
0.15,-0.11,1.01,-2.39,-35.30,-97.90,27.52,-6.50,-1.90,1008.12,27.29,1.00,1.00,21.00,-31.35,-0.06,-0.00,-0.27,0.96
0.10,-0.13,1.00,10.87,-29.92,-27.38,27.50,-6.29,-2.59,1008.12,27.29,1.00,1.00,21.00,-31.93,-0.06,-0.01,-0.28,0.96
0.03,-0.16,1.00,8.14,-16.21,21.83,27.54,-6.18,-2.91,1008.12,27.29,1.00,1.00,21.00,-31.47,-0.06,-0.01,-0.27,0.96
0.01,-0.17,0.98,-2.00,2.26,47.47,27.53,-6.29,-2.81,1008.12,27.29,1.00,1.00,21.00,-30.47,-0.06,-0.01,-0.26,0.96
0.06,-0.10,0.98,-6.77,20.09,60.88,27.52,-6.43,-2.42,1008.13,27.29,1.00,1.00,21.00,-29.19,-0.06,-0.01,-0.25,0.97
0.10,-0.09,0.95,-3.38,43.24,71.34,27.54,-6.47,-1.60,1008.13,27.29,1.00,1.00,21.00,-27.69,-0.06,-0.00,-0.24,0.97
0.06,-0.13,0.96,1.59,45.52,77.93,27.51,-6.46,-0.70,1008.13,27.29,1.00,1.00,21.00,-26.06,-0.06,0.01,-0.23,0.97
0.03,-0.17,0.97,4.66,27.20,80.15,27.52,-6.44,-0.17,1008.13,27.29,1.00,1.00,21.00,-24.37,-0.06,0.01,-0.21,0.98
0.03,-0.16,0.97,5.54,5.42,73.75,27.53,-6.38,-0.09,1008.13,27.29,1.00,1.00,21.00,-22.83,-0.05,0.01,-0.20,0.98
0.03,-0.12,0.99,5.46,-6.90,62.96,27.54,-6.29,-0.26,1008.13,27.29,1.00,1.00,21.00,-21.50,-0.05,0.01,-0.19,0.98
0.05,-0.13,0.99,6.44,-12.50,53.56,27.53,-6.18,-0.57,1008.14,27.29,1.00,1.00,21.00,-20.38,-0.05,0.00,-0.18,0.98
0.06,-0.15,1.00,4.79,-14.12,47.73,27.51,-6.13,-0.92,1008.14,27.29,1.00,1.00,21.00,-19.38,-0.05,0.00,-0.17,0.98
0.03,-0.18,1.04,-1.88,-17.97,41.09,27.55,-6.24,-1.31,1008.14,27.29,1.00,1.00,21.00,-18.51,-0.06,-0.00,-0.16,0.99
0.05,-0.18,1.05,-10.66,-29.15,32.07,27.52,-6.54,-1.94,1008.14,27.29,1.00,1.00,21.00,-17.84,-0.06,-0.01,-0.16,0.99
0.07,-0.15,1.03,-15.60,-42.11,27.05,27.54,-6.89,-2.84,1008.14,27.29,1.00,1.00,21.00,-17.27,-0.06,-0.02,-0.15,0.99
0.11,-0.13,1.05,-12.80,-64.99,32.49,27.51,-7.15,-4.24,1008.14,27.29,1.00,1.00,21.00,-16.59,-0.07,-0.03,-0.15,0.99
0.18,-0.13,1.04,-8.13,-95.99,45.15,27.54,-7.32,-6.32,1008.14,27.29,1.00,1.00,21.00,-15.64,-0.07,-0.05,-0.14,0.99
0.14,-0.14,1.02,-2.75,-140.34,56.48,27.56,-7.39,-9.25,1008.14,27.29,1.00,1.00,21.00,-14.46,-0.07,-0.07,-0.13,0.99
0.07,-0.16,1.04,3.68,-194.73,55.62,27.56,-7.34,-13.14,1008.14,27.29,1.00,1.00,21.00,-13.29,-0.08,-0.11,-0.12,0.98
0.12,-0.16,1.03,7.94,-236.96,39.19,27.52,-7.21,-17.89,1008.15,27.31,1.00,1.00,21.00,-12.46,-0.08,-0.15,-0.12,0.98
0.34,-0.18,0.98,3.36,-236.99,7.37,27.53,-7.21,-22.78,1008.15,27.31,1.00,1.00,21.00,-12.31,-0.08,-0.19,-0.12,0.97
0.37,-0.22,0.94,-4.15,-219.44,-13.69,27.56,-7.41,-27.27,1008.15,27.31,1.00,1.00,21.00,-12.60,-0.09,-0.23,-0.12,0.96
0.36,-0.21,0.93,-10.03,-205.48,-31.48,27.54,-7.72,-31.37,1008.15,27.31,1.00,1.00,21.00,-13.26,-0.10,-0.26,-0.13,0.95
0.41,-0.21,0.88,-16.85,-182.17,-42.03,27.54,-8.18,-34.99,1008.15,27.31,1.00,1.00,21.00,-14.14,-0.10,-0.29,-0.14,0.94
0.48,-0.19,0.79,-22.66,-140.03,-41.42,27.53,-8.76,-37.78,1008.15,27.31,1.00,1.00,21.00,-15.01,-0.11,-0.31,-0.15,0.93
0.56,-0.14,0.69,-21.46,-74.83,-29.74,27.51,-9.26,-39.33,1008.15,27.31,1.00,1.00,21.00,-15.63,-0.12,-0.32,-0.15,0.93
0.62,-0.15,0.66,-10.61,-29.55,-19.00,27.54,-9.55,-40.01,1008.16,27.31,1.00,1.00,21.00,-16.03,-0.12,-0.33,-0.16,0.92
0.68,-0.13,0.65,5.00,0.39,-15.07,27.57,-9.48,-40.12,1008.16,27.31,1.00,1.00,21.00,-16.35,-0.13,-0.33,-0.16,0.92
0.72,-0.12,0.67,14.89,20.12,-17.78,27.53,-9.19,-39.84,1008.16,27.31,1.00,1.00,21.00,-16.72,-0.12,-0.33,-0.16,0.92
0.74,-0.10,0.68,14.77,35.33,-21.82,27.54,-8.87,-39.25,1008.15,27.31,1.00,1.00,21.00,-17.18,-0.12,-0.32,-0.17,0.92
0.74,-0.10,0.74,4.67,55.92,-23.10,27.54,-8.76,-38.21,1008.16,27.31,1.00,1.00,21.00,-17.67,-0.12,-0.31,-0.17,0.93
0.71,-0.09,0.76,-4.62,82.65,-22.44,27.53,-8.81,-36.60,1008.16,27.31,1.00,1.00,21.00,-18.14,-0.12,-0.30,-0.17,0.93
0.71,-0.08,0.76,-10.48,118.57,-20.07,27.53,-8.97,-34.29,1008.16,27.31,1.00,1.00,21.00,-18.56,-0.12,-0.28,-0.18,0.94
0.63,-0.07,0.79,-10.06,150.99,-12.91,27.54,-9.11,-31.26,1008.16,27.31,1.00,1.00,21.00,-18.83,-0.12,-0.25,-0.18,0.94
0.53,-0.10,0.84,-5.63,174.59,0.18,27.55,-9.17,-27.69,1008.16,27.31,1.00,1.00,21.00,-18.83,-0.12,-0.22,-0.18,0.95
0.42,-0.09,0.88,-1.83,213.22,21.57,27.57,-9.14,-23.26,1008.16,27.31,1.00,1.00,21.00,-18.37,-0.11,-0.19,-0.17,0.96
0.26,-0.10,0.90,-0.75,249.75,41.76,27.55,-9.10,-17.98,1008.16,27.31,1.00,1.00,21.00,-17.50,-0.10,-0.14,-0.16,0.97
0.14,-0.10,0.93,1.32,249.75,53.38,27.54,-9.02,-12.65,1008.16,27.31,1.00,1.00,21.00,-16.38,-0.09,-0.10,-0.15,0.98
0.12,-0.13,0.93,4.04,249.75,59.73,27.56,-8.91,-7.40,1008.16,27.31,1.00,1.00,21.00,-15.12,-0.09,-0.05,-0.14,0.99
0.04,-0.06,0.97,6.06,249.75,63.04,27.54,-8.67,-2.15,1008.16,27.31,1.00,1.00,21.00,-13.80,-0.08,-0.01,-0.12,0.99
-0.13,-0.08,0.89,3.04,249.75,58.60,27.55,-8.54,3.20,1008.16,27.31,1.00,1.00,21.00,-12.57,-0.07,0.04,-0.11,0.99
-0.35,-0.09,0.83,5.70,249.75,41.50,27.56,-8.37,8.73,1008.16,27.31,1.00,1.00,21.00,-11.70,-0.06,0.08,-0.10,0.99
-0.46,-0.12,0.89,8.01,234.25,11.15,27.56,-8.20,13.92,1008.16,27.31,1.00,1.00,21.00,-11.46,-0.06,0.13,-0.09,0.99
-0.33,-0.26,1.05,11.91,207.13,-10.38,27.58,-8.06,18.24,1008.16,27.33,1.00,1.00,21.00,-11.68,-0.05,0.16,-0.09,0.98
-0.34,-0.25,1.01,16.65,184.01,-7.57,27.57,-7.83,22.03,1008.16,27.33,1.00,1.00,21.00,-11.84,-0.05,0.20,-0.09,0.98
-0.51,-0.12,0.85,16.98,148.65,6.02,27.56,-7.49,25.25,1008.16,27.33,1.00,1.00,21.00,-11.71,-0.04,0.22,-0.09,0.97
-0.61,-0.12,0.81,10.70,128.43,4.64,27.58,-7.30,28.12,1008.16,27.33,1.00,1.00,21.00,-11.62,-0.04,0.25,-0.08,0.96
-0.68,-0.13,0.81,5.33,109.97,-1.83,27.56,-7.22,30.61,1008.16,27.33,1.00,1.00,21.00,-11.65,-0.03,0.27,-0.08,0.96
-0.70,-0.14,0.80,3.81,92.93,-6.51,27.58,-7.19,32.73,1008.16,27.33,1.00,1.00,21.00,-11.79,-0.03,0.29,-0.08,0.95
-0.72,-0.13,0.79,2.75,78.93,-7.24,27.57,-7.19,34.54,1008.16,27.33,1.00,1.00,21.00,-11.94,-0.03,0.30,-0.08,0.95
-0.69,-0.11,0.75,-5.38,62.01,-4.36,27.55,-7.32,35.97,1008.16,27.33,1.00,1.00,21.00,-12.03,-0.03,0.31,-0.08,0.95
-0.69,-0.11,0.72,-13.10,45.75,-2.16,27.56,-7.62,37.06,1008.16,27.33,1.00,1.00,21.00,-12.08,-0.03,0.32,-0.08,0.94
-0.68,-0.11,0.70,-16.23,28.46,0.54,27.57,-7.98,37.78,1008.16,27.33,1.00,1.00,21.00,-12.07,-0.03,0.33,-0.08,0.94
-0.67,-0.10,0.69,-13.14,7.52,3.33,27.58,-8.26,38.06,1008.16,27.33,1.00,1.00,21.00,-12.00,-0.03,0.33,-0.08,0.94
-0.69,-0.13,0.71,-8.06,-18.91,2.05,27.56,-8.48,37.77,1008.16,27.33,1.00,1.00,21.00,-11.95,-0.04,0.33,-0.07,0.94
-0.68,-0.15,0.76,-2.04,-63.48,-7.88,27.57,-8.57,36.54,1008.16,27.34,1.00,1.00,21.00,-12.12,-0.04,0.32,-0.08,0.94
-0.65,-0.14,0.81,1.62,-111.60,-13.88,27.57,-8.56,34.29,1008.16,27.34,1.00,1.00,21.00,-12.41,-0.04,0.30,-0.08,0.95
-0.62,-0.15,0.85,2.21,-168.93,-13.76,27.58,-8.54,30.84,1008.15,27.34,1.00,1.00,21.00,-12.70,-0.04,0.27,-0.09,0.96
-0.56,-0.12,0.87,-0.80,-226.90,-14.22,27.58,-8.54,26.20,1008.15,27.34,1.00,1.00,21.00,-13.00,-0.05,0.23,-0.09,0.97
-0.53,-0.11,0.88,-2.66,-250.52,-15.73,27.56,-8.57,21.14,1008.15,27.34,1.00,1.00,21.00,-13.33,-0.05,0.19,-0.10,0.98
-0.46,-0.08,0.89,0.80,-250.52,-15.19,27.56,-8.49,16.10,1008.15,27.34,1.00,1.00,21.00,-13.65,-0.06,0.15,-0.11,0.98
-0.34,-0.13,0.97,0.68,-250.52,-8.90,27.55,-8.45,11.01,1008.15,27.34,1.00,1.00,21.00,-13.84,-0.06,0.10,-0.11,0.99
-0.22,-0.14,1.00,-5.38,-250.52,4.02,27.57,-8.55,5.88,1008.15,27.34,1.00,1.00,21.00,-13.75,-0.07,0.06,-0.12,0.99
-0.15,-0.16,1.03,-13.64,-250.52,15.12,27.57,-8.84,0.77,1008.15,27.34,1.00,1.00,21.00,-13.43,-0.08,0.02,-0.12,0.99
-0.12,-0.20,0.99,-21.11,-240.01,12.86,27.55,-9.33,-4.05,1008.15,27.34,1.00,1.00,21.00,-13.16,-0.08,-0.03,-0.12,0.99
-0.01,-0.14,0.93,-29.23,-184.15,-2.11,27.59,-9.92,-7.74,1008.14,27.34,1.00,1.00,21.00,-13.21,-0.09,-0.06,-0.12,0.99
0.09,-0.14,0.91,-34.75,-119.38,-14.31,27.56,-10.61,-10.16,1008.14,27.34,1.00,1.00,21.00,-13.51,-0.10,-0.08,-0.12,0.98
0.21,-0.17,0.93,-37.28,-39.77,-18.69,27.57,-11.37,-11.03,1008.14,27.34,1.00,1.00,21.00,-13.90,-0.11,-0.08,-0.13,0.98
0.29,-0.16,0.95,-33.04,26.07,-7.22,27.58,-12.01,-10.61,1008.14,27.34,1.00,1.00,21.00,-14.05,-0.11,-0.08,-0.13,0.98
0.33,-0.19,0.99,-27.57,62.85,15.69,27.58,-12.56,-9.47,1008.14,27.34,1.00,1.00,21.00,-13.72,-0.12,-0.07,-0.13,0.98
0.29,-0.22,1.01,-24.86,65.56,35.73,27.56,-13.06,-8.24,1008.14,27.34,1.00,1.00,21.00,-12.97,-0.12,-0.06,-0.12,0.98
0.19,-0.26,1.03,-32.25,46.72,31.15,27.57,-13.75,-7.32,1008.13,27.34,1.00,1.00,21.00,-12.32,-0.13,-0.05,-0.11,0.98
0.15,-0.26,1.03,-48.60,27.83,9.39,27.58,-14.76,-6.76,1008.13,27.34,1.00,1.00,21.00,-12.12,-0.13,-0.04,-0.11,0.98
0.18,-0.26,1.02,-69.54,32.51,-18.01,27.60,-16.17,-6.15,1008.13,27.34,1.00,1.00,21.00,-12.50,-0.15,-0.04,-0.12,0.98
0.18,-0.36,1.12,-90.69,50.17,-34.64,27.57,-18.07,-5.17,1008.13,27.34,1.00,1.00,21.00,-13.23,-0.16,-0.03,-0.12,0.98
0.13,-0.34,1.04,-115.80,57.88,-36.04,27.57,-20.45,-4.00,1008.13,27.34,1.00,1.00,21.00,-13.98,-0.18,-0.01,-0.13,0.98
-0.02,-0.31,0.95,-134.19,59.97,-28.92,27.57,-23.17,-2.67,1008.12,27.34,1.00,1.00,21.00,-14.59,-0.20,0.00,-0.13,0.97
-0.13,-0.44,0.90,-149.32,57.47,-19.81,27.57,-26.30,-1.28,1008.12,27.34,1.00,1.00,21.00,-15.01,-0.23,0.02,-0.13,0.97
-0.07,-0.48,0.87,-163.36,72.31,-10.65,27.58,-29.71,0.31,1008.12,27.34,1.00,1.00,21.00,-15.23,-0.25,0.04,-0.13,0.96
-0.00,-0.51,0.91,-178.19,105.30,3.41,27.60,-33.37,2.47,1008.12,27.34,1.00,1.00,21.00,-15.16,-0.28,0.06,-0.12,0.95
-0.10,-0.54,0.90,-189.01,118.25,15.11,27.59,-37.21,4.97,1008.12,27.34,1.00,1.00,21.00,-14.84,-0.31,0.08,-0.11,0.94
-0.05,-0.43,0.77,-197.51,98.76,20.83,27.58,-41.12,6.97,1008.12,27.34,1.00,1.00,21.00,-14.40,-0.34,0.10,-0.10,0.93
-0.14,-0.58,0.68,-192.25,70.96,17.47,27.61,-45.06,8.46,1008.12,27.34,1.00,1.00,21.00,-14.04,-0.37,0.11,-0.08,0.92
-0.11,-0.64,0.58,-168.58,45.34,6.81,27.56,-48.59,9.37,1008.12,27.34,1.00,1.00,21.00,-13.89,-0.40,0.12,-0.08,0.91
-0.12,-0.65,0.52,-132.61,21.91,-2.69,27.59,-51.38,9.80,1008.12,27.34,1.00,1.00,21.00,-13.95,-0.42,0.13,-0.07,0.90
-0.08,-0.69,0.52,-89.95,-1.01,-5.65,27.60,-53.27,9.69,1008.12,27.34,1.00,1.00,21.00,-14.07,-0.43,0.13,-0.07,0.89
-0.12,-0.74,0.49,-38.15,-16.28,-3.82,27.60,-54.12,9.31,1008.12,27.34,1.00,1.00,21.00,-14.15,-0.44,0.13,-0.07,0.89
-0.17,-0.79,0.47,-1.99,-23.82,-5.11,27.58,-54.26,8.85,1008.11,27.34,1.00,1.00,21.00,-14.26,-0.44,0.12,-0.08,0.88
-0.21,-0.80,0.47,22.23,-27.57,-12.69,27.57,-53.91,8.36,1008.11,27.34,1.00,1.00,21.00,-14.52,-0.44,0.12,-0.08,0.89
-0.18,-0.78,0.51,35.88,-23.90,-15.71,27.59,-53.23,7.93,1008.11,27.34,1.00,1.00,21.00,-14.85,-0.44,0.12,-0.08,0.89
-0.16,-0.78,0.55,50.91,-13.40,-2.14,27.60,-52.21,7.68,1008.11,27.34,1.00,1.00,21.00,-14.90,-0.43,0.12,-0.09,0.89
-0.16,-0.76,0.62,76.94,-5.67,25.17,27.59,-50.60,7.60,1008.11,27.34,1.00,1.00,21.00,-14.37,-0.42,0.11,-0.08,0.90
-0.18,-0.76,0.67,96.47,-9.39,38.64,27.58,-48.57,7.45,1008.11,27.34,1.00,1.00,21.00,-13.56,-0.40,0.11,-0.08,0.91
-0.17,-0.74,0.69,110.34,-13.89,39.70,27.59,-46.27,7.21,1008.11,27.35,1.00,1.00,21.00,-12.73,-0.38,0.10,-0.08,0.91
-0.07,-0.64,0.61,121.29,-18.86,39.70,27.59,-43.77,6.77,1008.11,27.35,1.00,1.00,21.00,-11.89,-0.36,0.09,-0.07,0.92
-0.05,-0.54,0.51,140.29,-29.31,48.93,27.59,-40.82,6.15,1008.11,27.35,1.00,1.00,21.00,-10.86,-0.34,0.08,-0.07,0.93
-0.24,-0.62,0.64,179.20,-49.45,53.48,27.60,-37.19,5.31,1008.11,27.35,1.00,1.00,21.00,-9.74,-0.31,0.07,-0.07,0.94
-0.18,-0.52,0.72,200.04,-59.32,39.75,27.61,-33.05,4.21,1008.11,27.35,1.00,1.00,21.00,-8.91,-0.28,0.06,-0.06,0.96
-0.19,-0.45,0.80,196.63,-54.09,22.01,27.59,-28.94,3.25,1008.11,27.35,1.00,1.00,21.00,-8.44,-0.25,0.05,-0.06,0.97
-0.16,-0.38,0.80,181.27,-47.15,6.65,27.59,-25.13,2.42,1008.11,27.35,1.00,1.00,21.00,-8.30,-0.22,0.04,-0.07,0.97
-0.17,-0.37,0.95,168.61,-41.15,-4.17,27.62,-21.58,1.71,1008.11,27.35,1.00,1.00,21.00,-8.39,-0.19,0.03,-0.07,0.98
-0.07,-0.28,0.98,157.26,-29.80,-12.29,27.63,-18.23,1.14,1008.11,27.35,1.00,1.00,21.00,-8.65,-0.16,0.02,-0.07,0.98
-0.00,-0.16,0.89,156.27,-18.91,-7.62,27.60,-14.85,0.73,1008.11,27.35,1.00,1.00,21.00,-8.81,-0.13,0.02,-0.08,0.99
-0.06,-0.09,0.86,164.31,-11.56,-0.40,27.62,-11.29,0.56,1008.11,27.35,1.00,1.00,21.00,-8.82,-0.10,0.01,-0.08,0.99
-0.13,-0.14,0.99,176.17,-16.19,-1.90,27.61,-7.60,0.37,1008.11,27.36,1.00,1.00,21.00,-8.86,-0.07,0.01,-0.08,0.99
-0.04,-0.32,1.29,176.37,-14.19,-13.27,27.61,-3.89,0.07,1008.11,27.36,1.00,1.00,21.00,-9.14,-0.03,0.00,-0.08,1.00
0.13,-0.15,1.17,143.33,13.70,-23.67,27.59,-1.02,0.23,1008.11,27.36,1.00,1.00,21.00,-9.63,-0.01,0.00,-0.08,1.00
0.09,0.09,0.95,114.29,25.07,-12.76,27.61,1.46,0.63,1008.12,27.36,1.00,1.00,21.00,-9.90,0.01,0.00,-0.09,1.00
-0.01,0.22,0.82,114.81,11.12,4.73,27.62,4.10,0.86,1008.12,27.36,1.00,1.00,21.00,-9.80,0.04,0.00,-0.09,1.00
-0.11,0.27,0.86,141.57,-11.46,8.93,27.59,7.27,0.75,1008.11,27.36,1.00,1.00,21.00,-9.62,0.06,0.00,-0.08,0.99
-0.12,0.17,1.05,163.62,-25.08,-7.15,27.61,10.68,0.35,1008.11,27.36,1.00,1.00,21.00,-9.77,0.09,-0.00,-0.09,0.99
-0.03,0.24,1.09,156.29,-19.73,-30.59,27.61,13.93,-0.03,1008.11,27.36,1.00,1.00,21.00,-10.41,0.12,-0.01,-0.09,0.99
0.01,0.35,0.96,138.53,-14.67,-27.76,27.60,16.90,-0.34,1008.11,27.36,1.00,1.00,21.00,-10.99,0.15,-0.02,-0.09,0.98
-0.03,0.44,0.89,127.68,-19.61,-11.43,27.60,19.71,-0.71,1008.11,27.36,1.00,1.00,21.00,-11.23,0.17,-0.02,-0.10,0.98
-0.05,0.46,0.92,121.46,-28.75,-0.01,27.63,22.35,-1.23,1008.11,27.36,1.00,1.00,21.00,-11.23,0.19,-0.03,-0.09,0.98
-0.07,0.46,0.94,114.81,-32.18,4.64,27.63,24.79,-1.79,1008.11,27.38,1.00,1.00,21.00,-11.13,0.21,-0.04,-0.09,0.97
-0.05,0.49,0.91,99.99,-18.80,-0.54,27.62,26.91,-2.09,1008.11,27.38,1.00,1.00,21.00,-11.14,0.23,-0.04,-0.09,0.97
-0.03,0.47,0.92,86.78,-10.38,-0.85,27.59,28.70,-2.22,1008.11,27.38,1.00,1.00,21.00,-11.16,0.24,-0.04,-0.09,0.96
0.02,0.49,0.96,71.83,-6.44,5.83,27.63,30.15,-2.33,1008.11,27.38,1.00,1.00,21.00,-11.04,0.26,-0.04,-0.09,0.96
0.03,0.54,0.97,52.20,-0.27,14.30,27.61,31.20,-2.33,1008.11,27.38,1.00,1.00,21.00,-10.74,0.27,-0.04,-0.08,0.96
0.03,0.60,0.91,35.68,6.10,20.47,27.62,31.98,-2.19,1008.11,27.38,1.00,1.00,21.00,-10.31,0.27,-0.04,-0.08,0.96
0.01,0.64,0.85,26.54,8.47,23.29,27.59,32.63,-1.98,1008.11,27.38,1.00,1.00,21.00,-9.82,0.28,-0.04,-0.08,0.96
-0.00,0.64,0.86,19.64,5.73,20.73,27.62,33.11,-1.82,1008.11,27.38,1.00,1.00,21.00,-9.39,0.28,-0.04,-0.07,0.96
-0.01,0.60,0.92,5.26,3.52,14.60,27.62,33.23,-1.70,1008.10,27.38,1.00,1.00,21.00,-9.08,0.28,-0.04,-0.07,0.96
-0.02,0.58,0.94,-16.53,5.59,6.93,27.62,32.85,-1.53,1008.10,27.38,1.00,1.00,21.00,-8.93,0.28,-0.03,-0.07,0.96
-0.03,0.60,0.94,-40.19,9.95,-0.74,27.61,32.02,-1.27,1008.10,27.38,1.00,1.00,21.00,-8.95,0.27,-0.03,-0.07,0.96
-0.01,0.51,0.98,-66.29,17.55,-9.46,27.62,30.57,-0.87,1008.10,27.38,1.00,1.00,21.00,-9.15,0.26,-0.03,-0.07,0.96
0.03,0.51,0.96,-89.45,25.13,-14.50,27.61,28.68,-0.36,1008.10,27.38,1.00,1.00,21.00,-9.45,0.25,-0.02,-0.08,0.97
0.01,0.47,0.95,-117.00,30.78,-17.05,27.63,26.22,0.27,1008.10,27.38,1.00,1.00,21.00,-9.81,0.23,-0.02,-0.08,0.97
-0.01,0.45,0.92,-137.89,27.68,-20.12,27.61,23.37,0.85,1008.11,27.40,1.00,1.00,21.00,-10.23,0.20,-0.01,-0.09,0.98
-0.02,0.45,0.89,-147.96,23.14,-21.84,27.62,20.40,1.33,1008.11,27.40,1.00,1.00,21.00,-10.69,0.18,-0.01,-0.09,0.98
-0.07,0.37,0.89,-144.83,22.41,-16.46,27.62,17.46,1.85,1008.11,27.40,1.00,1.00,21.00,-11.04,0.15,0.00,-0.10,0.98
-0.10,0.19,0.96,-134.43,21.00,-9.43,27.62,14.57,2.36,1008.11,27.40,1.00,1.00,21.00,-11.23,0.13,0.01,-0.10,0.99
-0.08,0.19,0.98,-126.17,22.30,-5.78,27.63,11.90,2.87,1008.11,27.40,1.00,1.00,21.00,-11.36,0.11,0.01,-0.10,0.99
-0.07,0.22,0.94,-125.99,34.10,-10.27,27.61,9.34,3.59,1008.11,27.40,1.00,1.00,21.00,-11.57,0.08,0.02,-0.10,0.99
-0.12,0.21,0.91,-124.41,42.76,-18.27,27.62,6.85,4.54,1008.11,27.40,1.00,1.00,21.00,-11.96,0.06,0.03,-0.11,0.99
-0.16,0.16,0.90,-110.29,35.04,-20.14,27.63,4.65,5.37,1008.11,27.40,1.00,1.00,21.00,-12.38,0.05,0.04,-0.11,0.99
-0.15,0.09,0.95,-95.63,19.41,-13.02,27.62,2.69,5.83,1008.11,27.40,1.00,1.00,21.00,-12.65,0.03,0.05,-0.11,0.99
-0.14,0.01,0.98,-86.45,5.42,-0.21,27.62,0.87,5.99,1008.11,27.40,1.00,1.00,21.00,-12.66,0.01,0.05,-0.11,0.99
-0.14,0.01,0.96,-82.35,-2.68,14.83,27.62,-0.83,5.98,1008.13,27.40,1.00,1.00,21.00,-12.34,-0.00,0.05,-0.11,0.99
-0.16,0.02,0.94,-80.83,-3.51,22.71,27.61,-2.46,5.98,1008.13,27.40,1.00,1.00,21.00,-11.87,-0.02,0.05,-0.10,0.99
-0.15,-0.05,0.92,-73.67,1.36,21.93,27.61,-3.99,6.07,1008.13,27.40,1.00,1.00,21.00,-11.41,-0.03,0.06,-0.10,0.99
-0.15,-0.12,0.95,-59.57,-0.24,19.73,27.63,-5.27,6.11,1008.14,27.40,1.00,1.00,21.00,-10.99,-0.04,0.06,-0.09,0.99
-0.14,-0.17,1.00,-44.90,-7.51,17.02,27.61,-6.29,6.00,1008.14,27.40,1.00,1.00,21.00,-10.63,-0.05,0.06,-0.09,0.99
-0.12,-0.13,1.02,-38.26,-15.14,12.48,27.63,-7.10,5.70,1008.14,27.40,1.00,1.00,21.00,-10.37,-0.06,0.06,-0.09,0.99
-0.12,-0.12,0.96,-38.74,-13.32,4.12,27.63,-7.89,5.45,1008.15,27.40,1.00,1.00,21.00,-10.29,-0.06,0.05,-0.09,0.99
-0.17,-0.12,0.93,-33.28,-14.86,-6.62,27.64,-8.56,5.24,1008.15,27.40,1.00,1.00,21.00,-10.43,-0.07,0.05,-0.09,0.99
-0.15,-0.16,0.95,-23.77,-17.79,-13.33,27.62,-9.07,4.94,1008.15,27.40,1.00,1.00,21.00,-10.71,-0.07,0.05,-0.09,0.99
-0.10,-0.19,0.97,-15.46,-13.80,-16.14,27.63,-9.42,4.67,1008.16,27.40,1.00,1.00,21.00,-11.04,-0.08,0.05,-0.09,0.99
-0.08,-0.17,0.95,-11.61,-8.27,-11.67,27.66,-9.67,4.50,1008.16,27.40,1.00,1.00,21.00,-11.29,-0.08,0.05,-0.09,0.99
-0.08,-0.14,0.89,-7.61,-8.19,-0.76,27.64,-9.81,4.34,1008.17,27.40,1.00,1.00,21.00,-11.31,-0.08,0.05,-0.09,0.99
-0.09,-0.13,0.88,4.56,-8.70,15.10,27.63,-9.69,4.19,1008.17,27.40,1.00,1.00,21.00,-10.99,-0.08,0.04,-0.09,0.99
-0.09,-0.16,0.94,14.43,-5.86,21.99,27.64,-9.40,4.09,1008.17,27.40,1.00,1.00,21.00,-10.53,-0.08,0.04,-0.09,0.99
-0.05,-0.13,0.98,16.63,-1.26,30.47,27.64,-9.01,4.04,1008.18,27.40,1.00,1.00,21.00,-9.89,-0.08,0.04,-0.08,0.99
-0.02,-0.10,0.97,15.51,2.27,47.44,27.64,-8.63,4.03,1008.18,27.42,1.00,1.00,21.00,-8.89,-0.07,0.04,-0.07,0.99
-0.06,-0.11,0.99,21.11,-4.67,70.86,27.62,-8.15,3.93,1008.18,27.42,1.00,1.00,21.00,-7.40,-0.07,0.04,-0.06,0.99
-0.05,-0.09,1.00,30.32,-20.25,90.59,27.63,-7.47,3.49,1008.19,27.42,1.00,1.00,21.00,-5.50,-0.06,0.03,-0.05,1.00
-0.08,-0.06,1.02,30.21,-29.74,112.57,27.63,-6.77,2.90,1008.19,27.42,1.00,1.00,21.00,-3.14,-0.06,0.03,-0.03,1.00
-0.07,-0.07,1.02,22.01,-25.32,133.73,27.64,-6.26,2.40,1008.19,27.42,1.00,1.00,21.00,-0.33,-0.05,0.02,-0.00,1.00
-0.08,-0.05,0.99,16.53,-7.57,152.75,27.64,-5.85,2.29,1008.19,27.42,1.00,1.00,21.00,2.88,-0.05,0.02,0.03,1.00
-0.15,-0.03,0.96,19.19,12.47,158.27,27.67,-5.37,2.68,1008.19,27.42,1.00,1.00,21.00,6.20,-0.05,0.02,0.06,1.00
-0.16,-0.06,0.97,29.75,22.62,152.86,27.64,-4.72,3.28,1008.19,27.42,1.00,1.00,21.00,9.41,-0.04,0.03,0.08,1.00
-0.17,-0.08,1.08,36.38,30.10,134.18,27.65,-3.96,4.01,1008.19,27.42,1.00,1.00,21.00,12.23,-0.04,0.03,0.11,0.99
-0.13,-0.08,1.08,26.58,46.13,112.95,27.65,-3.42,5.01,1008.19,27.42,1.00,1.00,21.00,14.60,-0.04,0.04,0.13,0.99
-0.13,-0.07,1.04,14.36,53.63,89.67,27.65,-3.13,6.15,1008.19,27.42,1.00,1.00,21.00,16.49,-0.03,0.05,0.14,0.99
-0.15,-0.05,1.01,3.64,44.58,69.87,27.67,-3.05,7.11,1008.20,27.43,1.00,1.00,21.00,17.95,-0.04,0.06,0.16,0.99
-0.19,-0.02,0.94,-2.43,25.46,50.91,27.66,-3.07,7.72,1008.20,27.43,1.00,1.00,21.00,19.02,-0.04,0.06,0.17,0.98
-0.21,0.01,0.92,-0.51,-1.59,22.08,27.65,-3.00,7.78,1008.20,27.43,1.00,1.00,21.00,19.49,-0.04,0.06,0.17,0.98
-0.21,-0.00,0.95,2.51,-12.85,-0.63,27.65,-2.90,7.61,1008.20,27.43,1.00,1.00,21.00,19.47,-0.04,0.06,0.17,0.98
-0.19,-0.01,1.00,3.55,-15.57,-16.61,27.66,-2.77,7.35,1008.20,27.43,1.00,1.00,21.00,19.12,-0.03,0.06,0.17,0.98
-0.20,-0.03,0.99,-2.11,-14.40,-25.66,27.66,-2.79,7.13,1008.19,27.43,1.00,1.00,21.00,18.59,-0.03,0.06,0.16,0.98
-0.23,0.01,0.96,-9.80,-18.28,-35.02,27.66,-2.93,6.89,1008.19,27.43,1.00,1.00,21.00,17.85,-0.03,0.06,0.16,0.99
-0.29,0.03,0.92,-15.38,-21.61,-57.56,27.63,-3.15,6.66,1008.19,27.43,1.00,1.00,21.00,16.64,-0.04,0.05,0.15,0.99
-0.22,0.05,0.95,-15.22,-19.35,-82.74,27.67,-3.34,6.39,1008.19,27.43,1.00,1.00,21.00,14.90,-0.04,0.05,0.13,0.99
-0.18,-0.00,0.97,-12.67,-9.90,-102.30,27.66,-3.54,6.27,1008.19,27.43,1.00,1.00,21.00,12.76,-0.04,0.05,0.11,0.99
-0.21,-0.08,0.97,-10.27,-3.45,-121.17,27.67,-3.78,6.32,1008.19,27.43,1.00,1.00,21.00,10.21,-0.04,0.05,0.09,0.99
-0.23,-0.05,0.99,-13.38,-12.32,-152.13,27.67,-4.04,6.21,1008.19,27.43,1.00,1.00,21.00,7.02,-0.04,0.05,0.06,1.00
-0.03,0.05,1.02,-23.51,-28.94,-195.01,27.67,-4.39,5.52,1008.19,27.43,1.00,1.00,21.00,2.92,-0.04,0.05,0.03,1.00
0.02,-0.07,1.01,-26.22,-37.67,-210.93,27.66,-4.92,4.61,1008.19,27.43,1.00,1.00,21.00,-1.51,-0.04,0.04,-0.01,1.00
0.02,-0.14,1.02,-15.96,-57.73,-211.67,27.65,-5.31,3.31,1008.19,27.43,1.00,1.00,21.00,-5.95,-0.04,0.03,-0.05,1.00
-0.01,-0.12,1.02,-5.41,-76.61,-201.92,27.67,-5.45,1.68,1008.19,27.43,1.00,1.00,21.00,-10.19,-0.05,0.02,-0.09,0.99
0.01,-0.09,1.00,-1.71,-76.57,-192.06,27.67,-5.47,0.06,1008.19,27.43,1.00,1.00,21.00,-14.23,-0.05,0.01,-0.12,0.99
0.10,-0.09,1.04,-1.11,-55.38,-165.00,27.68,-5.49,-1.19,1008.19,27.43,1.00,1.00,21.00,-17.69,-0.05,-0.00,-0.15,0.99
0.10,-0.13,1.03,2.77,-31.57,-122.56,27.68,-5.47,-1.93,1008.18,27.43,1.00,1.00,21.00,-20.27,-0.05,-0.01,-0.18,0.98
0.06,-0.13,1.01,9.56,-14.79,-72.33,27.65,-5.31,-2.26,1008.18,27.43,1.00,1.00,21.00,-21.78,-0.05,-0.01,-0.19,0.98
0.04,-0.09,1.00,12.49,-5.06,-24.72,27.65,-5.05,-2.37,1008.18,27.43,1.00,1.00,21.00,-22.30,-0.05,-0.01,-0.19,0.98
0.02,-0.11,1.02,7.62,4.05,11.58,27.67,-4.92,-2.27,1008.18,27.43,1.00,1.00,21.00,-22.06,-0.05,-0.01,-0.19,0.98
0.01,-0.11,1.02,0.68,14.27,39.87,27.67,-4.93,-1.93,1008.18,27.43,1.00,1.00,21.00,-21.22,-0.05,-0.01,-0.18,0.98
0.03,-0.08,1.00,3.08,20.22,51.68,27.67,-4.85,-1.52,1008.18,27.43,1.00,1.00,21.00,-20.14,-0.04,-0.01,-0.18,0.98
0.03,-0.09,1.01,10.76,22.92,60.69,27.66,-4.63,-1.05,1008.18,27.44,1.00,1.00,21.00,-18.86,-0.04,-0.00,-0.16,0.99
0.03,-0.09,1.03,16.85,20.49,67.38,27.67,-4.29,-0.63,1008.18,27.44,1.00,1.00,21.00,-17.45,-0.04,0.00,-0.15,0.99
0.02,-0.08,1.02,16.24,22.44,70.63,27.64,-3.97,-0.18,1008.18,27.44,1.00,1.00,21.00,-15.97,-0.03,0.00,-0.14,0.99
-0.02,-0.08,0.99,9.78,34.23,73.18,27.66,-3.78,0.55,1008.17,27.44,1.00,1.00,21.00,-14.43,-0.03,0.01,-0.13,0.99
-0.04,-0.05,0.94,7.43,32.75,71.89,27.65,-3.60,1.26,1008.17,27.44,1.00,1.00,21.00,-12.92,-0.03,0.01,-0.11,0.99
-0.02,-0.04,0.98,7.47,17.36,63.01,27.66,-3.42,1.61,1008.16,27.44,1.00,1.00,21.00,-11.60,-0.03,0.02,-0.10,0.99
0.01,-0.07,0.99,8.55,5.39,44.09,27.66,-3.26,1.68,1008.16,27.44,1.00,1.00,21.00,-10.67,-0.03,0.02,-0.09,1.00
0.02,-0.06,0.98,7.84,-4.69,17.50,27.67,-3.10,1.52,1008.16,27.44,1.00,1.00,21.00,-10.30,-0.03,0.02,-0.09,1.00
-0.01,-0.05,0.97,-0.82,-17.00,-8.93,27.66,-3.11,1.15,1008.15,27.44,1.00,1.00,21.00,-10.49,-0.03,0.01,-0.09,1.00
-0.02,-0.04,0.97,-7.74,-25.27,-15.49,27.66,-3.25,0.64,1008.15,27.44,1.00,1.00,21.00,-10.81,-0.03,0.01,-0.09,1.00
-0.02,-0.00,0.96,-7.99,-26.96,-3.59,27.67,-3.36,0.09,1008.15,27.44,1.00,1.00,21.00,-10.89,-0.03,0.00,-0.09,1.00
0.01,-0.02,0.97,-0.54,-20.53,32.10,27.67,-3.33,-0.35,1008.15,27.46,1.00,1.00,21.00,-10.22,-0.03,-0.00,-0.09,1.00
0.01,-0.10,1.02,10.74,-5.09,79.41,27.68,-3.15,-0.46,1008.15,27.46,1.00,1.00,21.00,-8.55,-0.03,-0.00,-0.07,1.00
-0.01,-0.10,1.05,22.85,19.66,126.89,27.66,-2.72,-0.03,1008.15,27.46,1.00,1.00,21.00,-5.88,-0.02,0.00,-0.05,1.00
0.00,-0.04,1.04,25.97,35.33,151.58,27.68,-2.17,0.69,1008.15,27.46,1.00,1.00,21.00,-2.70,-0.02,0.01,-0.02,1.00
-0.03,0.04,1.05,23.89,44.97,172.39,27.69,-1.60,1.64,1008.15,27.46,1.00,1.00,21.00,0.92,-0.01,0.01,0.01,1.00
-0.09,-0.01,1.03,26.61,42.21,187.03,27.69,-1.03,2.57,1008.14,27.46,1.00,1.00,21.00,4.85,-0.01,0.02,0.04,1.00
-0.11,-0.04,0.97,35.83,28.58,181.16,27.68,-0.32,3.23,1008.14,27.46,1.00,1.00,21.00,8.65,-0.00,0.03,0.08,1.00
-0.08,-0.01,1.01,37.02,17.83,143.60,27.67,0.44,3.62,1008.14,27.46,1.00,1.00,21.00,11.67,0.00,0.03,0.10,0.99
-0.05,0.01,1.00,20.06,24.80,99.87,27.66,0.86,4.11,1008.14,27.46,1.00,1.00,21.00,13.76,0.00,0.04,0.12,0.99
-0.13,-0.03,1.00,-2.35,28.59,48.60,27.69,0.76,4.76,1008.14,27.46,1.00,1.00,21.00,14.79,0.00,0.04,0.13,0.99
-0.14,-0.04,0.97,-17.87,13.04,-3.69,27.69,0.33,5.10,1008.14,27.46,1.00,1.00,21.00,14.71,-0.00,0.04,0.13,0.99
-0.07,-0.02,0.98,-26.45,-4.90,-42.75,27.68,-0.24,4.98,1008.13,27.46,1.00,1.00,21.00,13.81,-0.01,0.04,0.12,0.99
-0.07,-0.02,1.00,-29.38,-14.75,-62.69,27.67,-0.87,4.66,1008.13,27.46,1.00,1.00,21.00,12.49,-0.01,0.04,0.11,0.99
-0.09,0.02,1.00,-28.22,-19.61,-66.41,27.67,-1.42,4.26,1008.13,27.46,1.00,1.00,21.00,11.10,-0.02,0.04,0.10,0.99
-0.15,-0.04,1.02,-29.45,-15.04,-67.07,27.70,-2.04,4.04,1008.12,27.45,1.00,1.00,21.00,9.69,-0.02,0.03,0.09,1.00
-0.19,-0.09,1.03,-34.71,-0.56,-75.02,27.69,-2.81,4.15,1008.12,27.45,1.00,1.00,21.00,8.11,-0.03,0.03,0.07,1.00
-0.15,-0.08,1.02,-44.35,19.46,-89.75,27.70,-3.75,4.64,1008.12,27.45,1.00,1.00,21.00,6.23,-0.03,0.04,0.06,1.00
-0.11,-0.05,0.98,-53.61,32.02,-108.66,27.69,-4.84,5.34,1008.12,27.45,1.00,1.00,21.00,3.95,-0.04,0.05,0.04,1.00
-0.10,-0.08,0.98,-59.22,25.47,-117.64,27.66,-6.05,5.87,1008.12,27.45,1.00,1.00,21.00,1.48,-0.05,0.05,0.02,1.00
-0.04,-0.12,0.99,-62.10,11.08,-120.90,27.67,-7.35,6.03,1008.12,27.45,1.00,1.00,21.00,-1.06,-0.06,0.05,-0.01,1.00
0.00,-0.19,1.05,-61.93,-2.31,-115.72,27.69,-8.68,5.86,1008.12,27.45,1.00,1.00,21.00,-3.49,-0.07,0.05,-0.03,1.00
0.03,-0.19,1.04,-57.51,-14.82,-103.85,27.69,-9.90,5.40,1008.12,27.45,1.00,1.00,21.00,-5.67,-0.08,0.05,-0.05,0.99
0.02,-0.15,1.05,-56.83,-46.29,-85.75,27.66,-11.03,4.32,1008.12,27.45,1.00,1.00,21.00,-7.47,-0.09,0.04,-0.06,0.99
-0.01,-0.20,1.02,-65.50,-83.74,-76.58,27.66,-12.39,2.52,1008.12,27.45,1.00,1.00,21.00,-9.08,-0.11,0.03,-0.08,0.99
0.02,-0.24,0.99,-76.60,-114.39,-72.86,27.70,-13.99,0.09,1008.12,27.45,1.00,1.00,21.00,-10.61,-0.12,0.01,-0.09,0.99
0.07,-0.26,0.96,-83.87,-123.65,-69.15,27.67,-15.74,-2.53,1008.12,27.46,1.00,1.00,21.00,-12.06,-0.14,-0.01,-0.11,0.98
0.09,-0.30,0.94,-76.89,-124.19,-58.58,27.69,-17.36,-5.13,1008.12,27.46,1.00,1.00,21.00,-13.29,-0.15,-0.03,-0.12,0.98
0.16,-0.31,0.92,-56.57,-123.44,-41.46,27.69,-18.55,-7.76,1008.12,27.46,1.00,1.00,21.00,-14.16,-0.17,-0.05,-0.13,0.98
0.17,-0.31,0.91,-41.08,-117.28,-31.47,27.69,-19.40,-10.22,1008.12,27.46,1.00,1.00,21.00,-14.83,-0.18,-0.07,-0.14,0.97
0.16,-0.34,0.91,-22.10,-119.21,-26.46,27.71,-19.88,-12.66,1008.12,27.46,1.00,1.00,21.00,-15.38,-0.18,-0.08,-0.15,0.97
0.19,-0.34,0.90,-0.32,-124.49,-24.53,27.70,-19.89,-15.19,1008.11,27.46,1.00,1.00,21.00,-15.90,-0.19,-0.11,-0.16,0.96
0.27,-0.32,0.87,19.20,-119.69,-23.49,27.71,-19.51,-17.68,1008.11,27.46,1.00,1.00,21.00,-16.39,-0.19,-0.13,-0.16,0.96
0.37,-0.29,0.80,41.70,-105.48,-17.39,27.72,-18.65,-19.96,1008.11,27.46,1.00,1.00,21.00,-16.75,-0.18,-0.15,-0.17,0.96
0.38,-0.24,0.79,72.18,-83.39,-5.78,27.69,-17.13,-21.77,1008.11,27.46,1.00,1.00,21.00,-16.88,-0.17,-0.16,-0.17,0.96
0.34,-0.23,0.79,91.02,-55.52,-5.08,27.69,-15.24,-22.93,1008.11,27.46,1.00,1.00,21.00,-16.98,-0.16,-0.18,-0.17,0.96
0.32,-0.25,0.81,106.39,-16.73,-11.65,27.69,-13.09,-23.23,1008.11,27.46,1.00,1.00,21.00,-17.23,-0.14,-0.18,-0.17,0.96
0.40,-0.20,0.86,118.54,33.62,-14.01,27.70,-10.64,-22.56,1008.11,27.46,1.00,1.00,21.00,-17.52,-0.12,-0.18,-0.17,0.96
0.43,-0.16,0.85,122.85,100.90,-9.31,27.69,-8.12,-20.57,1008.11,27.46,1.00,1.00,21.00,-17.72,-0.10,-0.17,-0.16,0.97
0.30,-0.12,0.84,126.75,166.68,0.86,27.69,-5.51,-17.12,1008.11,27.46,1.00,1.00,21.00,-17.70,-0.07,-0.14,-0.16,0.97
0.23,-0.05,0.92,126.53,185.06,18.09,27.70,-2.85,-13.25,1008.11,27.46,1.00,1.00,21.00,-17.32,-0.04,-0.11,-0.15,0.98
0.09,-0.14,1.03,118.65,194.13,34.02,27.69,-0.51,-9.09,1008.11,27.46,1.00,1.00,21.00,-16.60,-0.02,-0.08,-0.14,0.99
0.02,-0.12,1.09,97.30,214.39,30.28,27.70,1.37,-4.52,1008.11,27.46,1.00,1.00,21.00,-15.97,0.01,-0.04,-0.14,0.99
0.07,-0.02,1.08,63.88,249.75,16.45,27.70,2.64,0.64,1008.11,27.46,1.00,1.00,21.00,-15.62,0.02,0.00,-0.14,0.99
-0.02,-0.00,1.12,22.10,249.75,9.85,27.69,3.04,5.79,1008.11,27.46,1.00,1.00,21.00,-15.42,0.03,0.05,-0.14,0.99
-0.10,-0.05,1.19,0.86,249.75,6.23,27.70,2.95,10.90,1008.11,27.46,1.00,1.00,21.00,-15.29,0.04,0.09,-0.13,0.99
-0.20,-0.09,1.19,-20.13,236.38,-0.31,27.71,2.39,15.74,1008.11,27.46,1.00,1.00,21.00,-15.29,0.04,0.13,-0.13,0.98
-0.24,-0.05,1.16,-48.54,207.94,-8.93,27.71,1.29,19.93,1008.11,27.46,1.00,1.00,21.00,-15.48,0.03,0.17,-0.13,0.98
-0.28,-0.04,1.11,-80.23,186.51,-14.25,27.70,-0.43,23.65,1008.11,27.46,1.00,1.00,21.00,-15.78,0.02,0.20,-0.13,0.97
-0.41,-0.07,1.05,-106.90,150.08,-14.28,27.69,-2.70,26.70,1008.11,27.46,1.00,1.00,21.00,-16.08,0.01,0.23,-0.13,0.96
-0.42,-0.11,1.00,-118.04,125.80,-18.49,27.69,-5.20,29.20,1008.11,27.46,1.00,1.00,21.00,-16.47,-0.01,0.26,-0.13,0.96
-0.46,-0.18,0.95,-121.12,109.07,-24.82,27.72,-7.81,31.37,1008.11,27.47,1.00,1.00,21.00,-16.99,-0.02,0.28,-0.12,0.95
-0.53,-0.20,0.83,-122.67,91.59,-37.00,27.70,-10.44,33.26,1008.11,27.47,1.00,1.00,21.00,-17.77,-0.04,0.30,-0.12,0.95
-0.58,-0.19,0.78,-121.99,62.97,-52.31,27.71,-13.01,34.61,1008.11,27.47,1.00,1.00,21.00,-18.86,-0.06,0.31,-0.12,0.94
-0.49,-0.15,0.75,-119.98,14.30,-64.32,27.73,-15.45,34.87,1008.11,27.47,1.00,1.00,21.00,-20.21,-0.07,0.31,-0.13,0.94
-0.49,-0.19,0.74,-113.51,-23.02,-59.94,27.74,-17.77,34.35,1008.11,27.47,1.00,1.00,21.00,-21.47,-0.09,0.31,-0.13,0.94
-0.47,-0.26,0.73,-99.90,-54.58,-50.75,27.70,-19.87,33.16,1008.11,27.47,1.00,1.00,21.00,-22.54,-0.11,0.31,-0.14,0.94
-0.50,-0.36,0.73,-79.93,-83.22,-44.49,27.70,-21.64,31.42,1008.11,27.47,1.00,1.00,21.00,-23.47,-0.12,0.30,-0.14,0.94
-0.52,-0.34,0.72,-62.48,-108.11,-46.51,27.70,-23.01,29.23,1008.11,27.47,1.00,1.00,21.00,-24.45,-0.14,0.28,-0.15,0.94
-0.48,-0.37,0.82,-51.86,-118.69,-54.29,27.71,-24.11,26.76,1008.11,27.47,1.00,1.00,21.00,-25.59,-0.15,0.27,-0.16,0.94
-0.36,-0.44,0.84,-49.09,-106.25,-60.63,27.71,-25.18,24.45,1008.11,27.47,1.00,1.00,21.00,-26.86,-0.16,0.25,-0.18,0.94
-0.36,-0.47,0.81,-36.06,-102.81,-60.78,27.74,-26.02,22.27,1008.11,27.47,1.00,1.00,21.00,-28.14,-0.17,0.24,-0.19,0.94
-0.33,-0.51,0.81,-17.75,-118.64,-61.75,27.71,-26.51,19.76,1008.11,27.47,1.00,1.00,21.00,-29.44,-0.18,0.22,-0.21,0.94
-0.26,-0.45,0.80,-8.16,-133.06,-65.00,27.73,-26.74,16.94,1008.11,27.47,1.00,1.00,21.00,-30.80,-0.18,0.20,-0.22,0.94
-0.18,-0.43,0.80,-6.80,-149.93,-64.45,27.72,-26.91,13.74,1008.10,27.47,1.00,1.00,21.00,-32.15,-0.19,0.18,-0.24,0.94
-0.06,-0.45,0.84,-0.03,-169.32,-54.62,27.70,-26.93,10.05,1008.11,27.48,1.00,1.00,21.00,-33.30,-0.20,0.15,-0.26,0.93
-0.02,-0.50,0.85,12.21,-183.60,-40.06,27.71,-26.75,6.10,1008.11,27.48,1.00,1.00,21.00,-34.14,-0.21,0.12,-0.27,0.93
-0.03,-0.49,0.83,23.01,-192.87,-35.13,27.71,-26.36,2.05,1008.11,27.48,1.00,1.00,21.00,-34.88,-0.21,0.08,-0.29,0.93
-0.02,-0.44,0.79,29.56,-199.07,-42.99,27.70,-25.80,-2.06,1008.11,27.48,1.00,1.00,21.00,-35.78,-0.22,0.05,-0.30,0.93
0.08,-0.45,0.81,32.85,-186.74,-59.40,27.72,-25.19,-5.96,1008.11,27.48,1.00,1.00,21.00,-37.03,-0.22,0.02,-0.32,0.92
0.17,-0.46,0.84,38.96,-162.48,-57.10,27.72,-24.45,-9.38,1008.10,27.48,1.00,1.00,21.00,-38.23,-0.23,-0.01,-0.34,0.91
0.20,-0.44,0.83,56.43,-139.33,-40.33,27.73,-23.36,-12.31,1008.10,27.48,1.00,1.00,21.00,-39.08,-0.22,-0.03,-0.35,0.91
0.24,-0.34,0.74,81.17,-113.28,-22.62,27.73,-21.72,-14.73,1008.11,27.48,1.00,1.00,21.00,-39.55,-0.22,-0.06,-0.35,0.91
0.25,-0.26,0.69,108.90,-80.62,-7.47,27.73,-19.46,-16.46,1008.11,27.48,1.00,1.00,21.00,-39.71,-0.21,-0.08,-0.35,0.91
0.21,-0.40,0.86,144.68,-30.54,-5.71,27.74,-16.60,-17.01,1008.11,27.48,1.00,1.00,21.00,-39.83,-0.18,-0.09,-0.35,0.91
0.35,-0.33,0.95,156.58,13.96,-9.96,27.73,-13.42,-16.77,1008.11,27.48,1.00,1.00,21.00,-40.04,-0.16,-0.10,-0.35,0.92
0.39,-0.23,0.90,141.17,56.39,-1.47,27.74,-10.54,-15.73,1008.11,27.49,1.00,1.00,21.00,-40.07,-0.13,-0.10,-0.35,0.92
0.29,-0.16,0.86,116.35,71.23,10.36,27.72,-8.14,-14.31,1008.11,27.49,1.00,1.00,21.00,-39.85,-0.11,-0.09,-0.35,0.93
0.25,-0.08,0.82,99.98,65.70,14.99,27.75,-6.03,-13.00,1008.11,27.49,1.00,1.00,21.00,-39.54,-0.09,-0.09,-0.34,0.93
0.14,-0.20,0.99,99.91,56.59,10.67,27.74,-4.08,-11.74,1008.11,27.49,1.00,1.00,21.00,-39.31,-0.07,-0.08,-0.34,0.93
0.19,-0.22,1.09,97.41,61.43,4.51,27.74,-2.23,-10.44,1008.11,27.49,1.00,1.00,21.00,-39.22,-0.05,-0.08,-0.34,0.94
0.26,-0.18,1.12,73.33,89.92,5.89,27.74,-0.85,-8.64,1008.11,27.49,1.00,1.00,21.00,-39.09,-0.03,-0.07,-0.33,0.94
0.26,-0.10,1.06,39.22,125.53,17.24,27.75,-0.14,-6.16,1008.11,27.49,1.00,1.00,21.00,-38.73,-0.02,-0.05,-0.33,0.94
0.16,-0.07,1.02,18.49,145.76,29.70,27.75,0.17,-3.21,1008.11,27.49,1.00,1.00,21.00,-38.11,-0.01,-0.03,-0.33,0.94
0.03,-0.12,1.09,16.49,143.29,28.59,27.74,0.38,-0.23,1008.11,27.49,1.00,1.00,21.00,-37.51,0.00,-0.00,-0.32,0.95
0.07,-0.08,1.15,12.85,138.14,14.83,27.73,0.56,2.55,1008.11,27.49,1.00,1.00,21.00,-37.20,0.01,0.02,-0.32,0.95
0.08,-0.07,1.16,-0.57,130.56,5.67,27.71,0.47,5.10,1008.11,27.49,1.00,1.00,21.00,-37.08,0.02,0.04,-0.32,0.95
0.06,-0.05,1.12,-15.36,112.43,2.74,27.72,0.10,7.25,1008.11,27.50,1.00,1.00,21.00,-37.02,0.02,0.06,-0.32,0.95
-0.02,-0.06,1.05,-22.23,82.42,-1.73,27.74,-0.42,8.83,1008.11,27.50,1.00,1.00,21.00,-37.06,0.02,0.07,-0.32,0.95
-0.11,-0.06,0.99,-15.91,32.97,-16.93,27.75,-0.81,9.46,1008.11,27.50,1.00,1.00,21.00,-37.41,0.02,0.08,-0.32,0.94
-0.11,-0.04,0.98,-9.19,-0.38,-30.17,27.74,-1.03,9.39,1008.11,27.50,1.00,1.00,21.00,-38.05,0.02,0.08,-0.32,0.94
-0.10,-0.05,0.98,-8.52,-18.31,-36.53,27.74,-1.24,8.94,1008.11,27.50,1.00,1.00,21.00,-38.81,0.02,0.08,-0.33,0.94
-0.13,-0.06,0.96,-8.34,-29.10,-31.65,27.75,-1.46,8.31,1008.11,27.50,1.00,1.00,21.00,-39.48,0.01,0.07,-0.34,0.94
-0.16,-0.09,0.97,-2.76,-35.63,-21.23,27.74,-1.59,7.60,1008.11,27.50,1.00,1.00,21.00,-39.92,0.01,0.07,-0.34,0.94
-0.16,-0.08,0.98,3.46,-26.92,-10.51,27.76,-1.58,7.07,1008.11,27.50,1.00,1.00,21.00,-40.14,0.01,0.06,-0.34,0.94
-0.15,-0.08,0.98,1.26,-8.52,-5.72,27.75,-1.62,6.93,1008.11,27.50,1.00,1.00,21.00,-40.26,0.01,0.06,-0.34,0.94
-0.13,-0.08,0.99,-3.25,5.93,-1.34,27.74,-1.75,7.06,1008.11,27.50,1.00,1.00,21.00,-40.29,0.01,0.06,-0.34,0.94
-0.10,-0.10,1.00,-3.46,8.80,6.16,27.74,-1.89,7.22,1008.11,27.50,1.00,1.00,21.00,-40.16,0.01,0.06,-0.34,0.94
-0.09,-0.11,1.01,0.32,3.98,12.58,27.76,-1.97,7.25,1008.11,27.50,1.00,1.00,21.00,-39.90,0.01,0.07,-0.34,0.94
-0.09,-0.09,0.99,1.95,-1.87,10.90,27.76,-1.99,7.17,1008.11,27.50,1.00,1.00,21.00,-39.67,0.00,0.06,-0.34,0.94
-0.09,-0.08,0.99,2.16,-6.25,4.30,27.76,-2.00,7.00,1008.12,27.51,1.00,1.00,21.00,-39.58,0.00,0.06,-0.34,0.94
-0.08,-0.09,0.99,2.21,-10.63,-2.65,27.76,-2.02,6.74,1008.12,27.51,1.00,1.00,21.00,-39.63,0.00,0.06,-0.34,0.94
-0.07,-0.09,1.00,1.38,-12.81,-7.71,27.76,-2.06,6.41,1008.12,27.51,1.00,1.00,21.00,-39.80,0.00,0.06,-0.34,0.94
-0.06,-0.10,1.00,0.29,-13.30,-7.72,27.74,-2.13,6.08,1008.13,27.51,1.00,1.00,21.00,-39.96,0.00,0.06,-0.34,0.94
-0.06,-0.08,0.99,-1.09,-13.21,-3.90,27.76,-2.20,5.75,1008.13,27.51,1.00,1.00,21.00,-40.04,-0.00,0.05,-0.34,0.94
-0.06,-0.08,0.97,-0.53,-11.37,-0.05,27.79,-2.26,5.47,1008.14,27.51,1.00,1.00,21.00,-40.04,-0.00,0.05,-0.34,0.94
-0.07,-0.07,0.98,2.58,-8.96,2.72,27.76,-2.25,5.26,1008.14,27.51,1.00,1.00,21.00,-39.98,-0.00,0.05,-0.34,0.94
-0.07,-0.09,0.98,4.67,-3.41,2.89,27.75,-2.20,5.17,1008.14,27.51,1.00,1.00,21.00,-39.92,-0.00,0.05,-0.34,0.94
-0.06,-0.07,0.97,5.13,3.16,3.38,27.78,-2.14,5.21,1008.14,27.51,1.00,1.00,21.00,-39.85,-0.00,0.05,-0.34,0.94
-0.07,-0.06,0.98,4.95,7.66,4.67,27.76,-2.06,5.34,1008.14,27.51,1.00,1.00,21.00,-39.76,-0.00,0.05,-0.34,0.94
-0.07,-0.07,0.98,6.18,6.53,3.86,27.76,-1.97,5.44,1008.14,27.51,1.00,1.00,21.00,-39.67,-0.00,0.05,-0.34,0.94
-0.07,-0.06,1.00,6.83,2.12,2.02,27.76,-1.86,5.46,1008.15,27.52,1.00,1.00,21.00,-39.63,0.00,0.05,-0.34,0.94
-0.06,-0.06,1.00,5.29,-2.83,0.12,27.78,-1.79,5.36,1008.15,27.52,1.00,1.00,21.00,-39.63,0.00,0.05,-0.34,0.94
-0.06,-0.07,1.02,1.91,-6.88,-0.33,27.75,-1.79,5.18,1008.15,27.52,1.00,1.00,21.00,-39.64,0.00,0.05,-0.34,0.94
-0.07,-0.07,1.01,0.33,-9.68,-0.16,27.78,-1.82,4.95,1008.15,27.52,1.00,1.00,21.00,-39.64,-0.00,0.05,-0.34,0.94
-0.05,-0.06,1.01,0.56,-6.96,-0.23,27.74,-1.84,4.77,1008.15,27.52,1.00,1.00,21.00,-39.64,-0.00,0.04,-0.34,0.94
-0.06,-0.07,1.01,1.46,-3.06,-0.04,27.75,-1.85,4.68,1008.15,27.52,1.00,1.00,21.00,-39.65,-0.00,0.04,-0.34,0.94
-0.06,-0.07,1.00,2.44,-2.69,0.32,27.78,-1.83,4.60,1008.15,27.52,1.00,1.00,21.00,-39.64,-0.00,0.04,-0.34,0.94
-0.06,-0.07,1.00,1.08,-3.23,0.33,27.76,-1.85,4.50,1008.15,27.52,1.00,1.00,21.00,-39.63,-0.00,0.04,-0.34,0.94
-0.06,-0.07,0.99,-2.33,-3.78,0.05,27.78,-1.94,4.40,1008.16,27.52,1.00,1.00,21.00,-39.63,-0.00,0.04,-0.34,0.94
-0.06,-0.07,0.98,-4.87,-6.66,-2.82,27.77,-2.08,4.25,1008.16,27.52,1.00,1.00,21.00,-39.69,-0.00,0.04,-0.34,0.94
-0.04,-0.07,0.99,-3.90,-7.32,-4.38,27.77,-2.21,4.06,1008.16,27.52,1.00,1.00,21.00,-39.78,-0.01,0.04,-0.34,0.94
-0.04,-0.08,0.98,-2.32,-4.19,-3.00,27.79,-2.30,3.94,1008.16,27.52,1.00,1.00,21.00,-39.84,-0.01,0.04,-0.34,0.94
-0.04,-0.08,0.98,-1.11,-2.25,-0.17,27.77,-2.36,3.87,1008.16,27.52,1.00,1.00,21.00,-39.85,-0.01,0.04,-0.34,0.94
-0.04,-0.07,0.97,-0.94,-1.16,2.19,27.77,-2.41,3.81,1008.16,27.52,1.00,1.00,21.00,-39.80,-0.01,0.04,-0.34,0.94
-0.04,-0.07,0.97,1.87,-1.06,2.99,27.77,-2.40,3.76,1008.16,27.53,1.00,1.00,21.00,-39.74,-0.01,0.04,-0.34,0.94
-0.04,-0.06,0.99,4.65,-3.00,1.40,27.78,-2.34,3.67,1008.16,27.53,1.00,1.00,21.00,-39.71,-0.01,0.04,-0.34,0.94
-0.04,-0.07,0.99,4.50,-4.82,-0.86,27.78,-2.28,3.54,1008.16,27.53,1.00,1.00,21.00,-39.73,-0.01,0.04,-0.34,0.94
-0.04,-0.06,1.01,2.85,-6.51,-2.35,27.77,-2.25,3.39,1008.15,27.53,1.00,1.00,21.00,-39.78,-0.01,0.03,-0.34,0.94
-0.04,-0.07,1.02,1.33,-7.49,-2.54,27.78,-2.25,3.21,1008.15,27.53,1.00,1.00,21.00,-39.83,-0.01,0.03,-0.34,0.94
-0.05,-0.08,1.03,0.15,-6.09,-2.09,27.78,-2.29,3.08,1008.15,27.53,1.00,1.00,21.00,-39.87,-0.01,0.03,-0.34,0.94
-0.05,-0.07,1.02,-0.99,-2.77,-1.98,27.77,-2.35,3.01,1008.15,27.53,1.00,1.00,21.00,-39.92,-0.01,0.03,-0.34,0.94
-0.05,-0.08,1.01,-2.35,-0.12,-1.90,27.78,-2.43,3.01,1008.15,27.53,1.00,1.00,21.00,-39.96,-0.01,0.03,-0.34,0.94
-0.04,-0.08,1.01,-2.60,-0.43,-1.30,27.76,-2.53,2.98,1008.15,27.53,1.00,1.00,21.00,-39.98,-0.01,0.03,-0.34,0.94
-0.04,-0.08,1.01,-1.67,-1.53,-1.01,27.77,-2.60,2.94,1008.15,27.53,1.00,1.00,21.00,-40.00,-0.01,0.03,-0.34,0.94
-0.03,-0.09,1.03,-2.35,-3.29,-0.67,27.76,-2.69,2.85,1008.15,27.53,1.00,1.00,21.00,-40.02,-0.01,0.03,-0.34,0.94
-0.03,-0.07,1.00,-4.04,-4.64,-0.01,27.80,-2.80,2.74,1008.15,27.54,1.00,1.00,21.00,-40.02,-0.01,0.03,-0.34,0.94
-0.03,-0.06,1.00,-4.23,-7.09,-0.04,27.79,-2.90,2.56,1008.15,27.54,1.00,1.00,21.00,-40.02,-0.02,0.03,-0.34,0.94
-0.02,-0.07,1.00,-2.64,-9.91,-0.95,27.78,-2.98,2.34,1008.15,27.54,1.00,1.00,21.00,-40.04,-0.02,0.03,-0.34,0.94
-0.01,-0.08,1.00,-2.22,-9.93,-2.24,27.77,-3.06,2.10,1008.14,27.54,1.00,1.00,21.00,-40.09,-0.02,0.03,-0.34,0.94
-0.01,-0.08,0.99,-4.48,-7.07,-2.28,27.78,-3.18,1.93,1008.14,27.54,1.00,1.00,21.00,-40.13,-0.02,0.03,-0.34,0.94
-0.01,-0.07,0.98,-4.43,-5.82,-0.96,27.78,-3.29,1.78,1008.14,27.54,1.00,1.00,21.00,-40.15,-0.02,0.02,-0.34,0.94
0.00,-0.08,0.98,-2.32,-5.10,-0.24,27.80,-3.36,1.63,1008.14,27.54,1.00,1.00,21.00,-40.16,-0.02,0.02,-0.34,0.94
0.01,-0.08,0.98,-0.83,-3.98,-0.38,27.78,-3.40,1.51,1008.14,27.54,1.00,1.00,21.00,-40.17,-0.02,0.02,-0.34,0.94
0.00,-0.08,0.99,-1.07,-3.19,-0.75,27.78,-3.45,1.41,1008.14,27.54,1.00,1.00,21.00,-40.18,-0.02,0.02,-0.34,0.94
0.00,-0.08,0.98,-1.41,-1.86,-0.09,27.79,-3.50,1.34,1008.14,27.54,1.00,1.00,21.00,-40.19,-0.02,0.02,-0.34,0.94
0.00,-0.07,0.98,-0.28,-0.61,0.99,27.79,-3.51,1.30,1008.14,27.54,1.00,1.00,21.00,-40.16,-0.02,0.02,-0.34,0.94
-0.01,-0.08,1.00,1.05,-1.28,1.78,27.79,-3.51,1.25,1008.14,27.54,1.00,1.00,21.00,-40.13,-0.03,0.02,-0.34,0.94
-0.01,-0.08,1.00,0.45,-1.51,1.14,27.80,-3.52,1.20,1008.14,27.54,1.00,1.00,21.00,-40.10,-0.03,0.02,-0.34,0.94
-0.02,-0.09,1.01,-1.03,-0.50,0.13,27.79,-3.57,1.18,1008.13,27.54,1.00,1.00,21.00,-40.10,-0.03,0.02,-0.34,0.94
-0.01,-0.08,1.01,-2.29,0.72,0.12,27.78,-3.64,1.18,1008.13,27.55,1.00,1.00,21.00,-40.10,-0.03,0.02,-0.34,0.94
-0.02,-0.08,0.99,-1.97,0.60,1.39,27.78,-3.70,1.19,1008.13,27.55,1.00,1.00,21.00,-40.07,-0.03,0.02,-0.34,0.94
-0.02,-0.08,1.00,-0.44,-1.02,1.24,27.81,-3.72,1.16,1008.13,27.55,1.00,1.00,21.00,-40.04,-0.03,0.02,-0.34,0.94
-0.02,-0.08,1.00,-0.13,-1.71,-0.02,27.77,-3.75,1.12,1008.13,27.55,1.00,1.00,21.00,-40.04,-0.03,0.02,-0.34,0.94
-0.01,-0.09,1.01,-0.78,-2.37,-0.91,27.79,-3.79,1.06,1008.13,27.55,1.00,1.00,21.00,-40.06,-0.03,0.02,-0.34,0.94
-0.00,-0.09,1.00,-1.04,-2.15,-0.51,27.78,-3.84,1.00,1008.13,27.55,1.00,1.00,21.00,-40.07,-0.03,0.02,-0.34,0.94
-0.00,-0.08,1.00,-0.31,-1.63,0.83,27.79,-3.86,0.95,1008.13,27.55,1.00,1.00,21.00,-40.06,-0.03,0.02,-0.34,0.94
-0.00,-0.09,1.01,0.01,-1.25,1.70,27.81,-3.89,0.91,1008.13,27.55,1.00,1.00,21.00,-40.02,-0.03,0.02,-0.34,0.94
-0.01,-0.09,1.01,-1.54,-1.20,0.74,27.78,-3.94,0.87,1008.13,27.55,1.00,1.00,21.00,-40.00,-0.03,0.02,-0.34,0.94
-0.00,-0.08,0.99,-2.82,-1.28,-0.56,27.78,-4.01,0.83,1008.13,27.55,1.00,1.00,21.00,-40.02,-0.03,0.02,-0.34,0.94
-0.00,-0.08,0.99,-1.19,-1.55,-1.11,27.79,-4.04,0.79,1008.13,27.55,1.00,1.00,21.00,-40.04,-0.03,0.02,-0.34,0.94
-0.00,-0.09,1.00,-0.00,-1.85,-0.98,27.81,-4.07,0.74,1008.13,27.55,1.00,1.00,21.00,-40.06,-0.03,0.02,-0.34,0.94
0.00,-0.10,1.01,-1.63,-0.79,-0.17,27.79,-4.14,0.70,1008.13,27.55,1.00,1.00,21.00,-40.06,-0.03,0.02,-0.34,0.94
-0.00,-0.08,0.99,-3.27,0.38,0.89,27.77,-4.22,0.70,1008.12,27.55,1.00,1.00,21.00,-40.04,-0.03,0.02,-0.34,0.94
-0.00,-0.08,0.98,-1.42,-0.00,1.09,27.80,-4.25,0.69,1008.12,27.55,1.00,1.00,21.00,-40.02,-0.03,0.02,-0.34,0.94
-0.01,-0.10,1.00,1.84,-1.07,-0.02,27.82,-4.24,0.66,1008.12,27.55,1.00,1.00,21.00,-40.02,-0.03,0.02,-0.34,0.94
-0.01,-0.09,1.00,0.50,-1.14,-0.59,27.80,-4.25,0.63,1008.12,27.55,1.00,1.00,21.00,-40.03,-0.03,0.02,-0.34,0.94
-0.01,-0.09,1.00,-1.35,-1.75,-0.29,27.79,-4.29,0.59,1008.12,27.55,1.00,1.00,21.00,-40.04,-0.03,0.02,-0.34,0.94
-0.01,-0.09,1.01,-0.87,-2.35,0.22,27.77,-4.33,0.54,1008.12,27.55,1.00,1.00,21.00,-40.04,-0.03,0.02,-0.34,0.94
-0.01,-0.09,1.01,-0.33,-2.24,-0.12,27.82,-4.35,0.49,1008.12,27.55,1.00,1.00,21.00,-40.04,-0.03,0.02,-0.34,0.94
-0.01,-0.10,1.00,-1.61,-1.57,-1.45,27.79,-4.41,0.46,1008.12,27.55,1.00,1.00,21.00,-40.07,-0.03,0.02,-0.34,0.94
-0.01,-0.09,1.00,-2.79,0.23,-2.36,27.79,-4.48,0.47,1008.12,27.55,1.00,1.00,21.00,-40.12,-0.04,0.02,-0.34,0.94
-0.00,-0.09,0.99,-1.99,1.95,-1.47,27.79,-4.53,0.50,1008.12,27.56,1.00,1.00,21.00,-40.15,-0.04,0.02,-0.34,0.94
-0.00,-0.09,0.99,0.45,0.88,0.66,27.80,-4.54,0.51,1008.12,27.56,1.00,1.00,21.00,-40.14,-0.04,0.02,-0.34,0.94
-0.00,-0.09,1.00,1.36,-0.51,1.18,27.80,-4.52,0.49,1008.12,27.56,1.00,1.00,21.00,-40.11,-0.04,0.02,-0.34,0.94
0.01,-0.09,1.00,-0.15,-0.58,-1.12,27.81,-4.53,0.46,1008.12,27.56,1.00,1.00,21.00,-40.13,-0.04,0.02,-0.34,0.94
0.01,-0.08,1.00,-1.22,-1.20,-2.19,27.81,-4.56,0.41,1008.12,27.56,1.00,1.00,21.00,-40.18,-0.04,0.02,-0.34,0.94
0.01,-0.09,1.00,-1.09,-3.02,-1.75,27.79,-4.59,0.33,1008.11,27.56,1.00,1.00,21.00,-40.22,-0.04,0.02,-0.34,0.94
0.01,-0.08,0.99,-1.08,-4.26,-1.30,27.79,-4.62,0.23,1008.11,27.56,1.00,1.00,21.00,-40.24,-0.04,0.02,-0.34,0.94
0.01,-0.09,0.99,-1.81,-3.32,-1.17,27.81,-4.67,0.14,1008.11,27.56,1.00,1.00,21.00,-40.27,-0.04,0.02,-0.34,0.94
0.01,-0.10,0.99,-2.47,-0.92,0.21,27.82,-4.74,0.10,1008.11,27.56,1.00,1.00,21.00,-40.26,-0.04,0.02,-0.34,0.94
0.01,-0.09,0.99,-2.33,0.57,1.38,27.80,-4.79,0.10,1008.11,27.56,1.00,1.00,21.00,-40.24,-0.04,0.02,-0.34,0.94
0.01,-0.09,0.98,-1.96,0.61,1.83,27.79,-4.84,0.10,1008.11,27.56,1.00,1.00,21.00,-40.20,-0.04,0.02,-0.34,0.94
0.01,-0.10,0.99,-1.21,-0.96,0.85,27.82,-4.88,0.07,1008.11,27.56,1.00,1.00,21.00,-40.18,-0.04,0.02,-0.34,0.94
0.01,-0.10,1.00,-1.92,-0.50,-0.43,27.76,-4.94,0.04,1008.11,27.56,1.00,1.00,21.00,-40.19,-0.04,0.02,-0.34,0.94
0.00,-0.09,0.99,-1.94,-0.09,0.09,27.81,-4.99,0.03,1008.11,27.56,1.00,1.00,21.00,-40.19,-0.04,0.02,-0.34,0.94
0.00,-0.09,0.99,-0.22,-0.80,1.54,27.82,-5.00,0.01,1008.11,27.55,1.00,1.00,21.00,-40.15,-0.04,0.02,-0.34,0.94
-0.00,-0.10,1.00,1.00,-0.01,1.18,27.82,-4.99,0.02,1008.11,27.55,1.00,1.00,21.00,-40.13,-0.04,0.02,-0.34,0.94
0.00,-0.10,1.01,0.52,1.15,0.22,27.81,-5.00,0.04,1008.11,27.55,1.00,1.00,21.00,-40.12,-0.04,0.02,-0.34,0.94
0.01,-0.10,1.01,-0.80,1.16,0.16,27.82,-5.03,0.05,1008.11,27.55,1.00,1.00,21.00,-40.12,-0.04,0.02,-0.34,0.94
0.00,-0.10,1.00,-1.37,-0.67,1.05,27.81,-5.07,0.04,1008.11,27.55,1.00,1.00,21.00,-40.10,-0.04,0.02,-0.34,0.94
0.00,-0.10,1.00,-0.77,-2.16,0.07,27.79,-5.10,-0.01,1008.11,27.55,1.00,1.00,21.00,-40.10,-0.04,0.02,-0.34,0.94
0.00,-0.10,1.00,-1.05,-1.38,-1.69,27.82,-5.13,-0.04,1008.11,27.55,1.00,1.00,21.00,-40.13,-0.04,0.02,-0.34,0.94
0.01,-0.11,1.00,-1.11,-1.48,-2.00,27.81,-5.18,-0.08,1008.10,27.55,1.00,1.00,21.00,-40.18,-0.04,0.01,-0.34,0.94
0.01,-0.10,1.00,-1.00,-1.50,-1.04,27.81,-5.21,-0.12,1008.10,27.55,1.00,1.00,21.00,-40.20,-0.04,0.01,-0.34,0.94
0.01,-0.11,1.01,-0.67,-0.81,-0.36,27.84,-5.24,-0.14,1008.10,27.55,1.00,1.00,21.00,-40.20,-0.04,0.01,-0.34,0.94
0.01,-0.10,1.00,-1.33,0.26,0.22,27.82,-5.28,-0.15,1008.10,27.55,1.00,1.00,21.00,-40.20,-0.04,0.01,-0.34,0.94
0.01,-0.09,0.99,-1.34,-0.35,0.28,27.81,-5.31,-0.16,1008.10,27.56,1.00,1.00,21.00,-40.19,-0.04,0.01,-0.34,0.94
0.01,-0.10,0.99,-0.57,-1.18,-0.39,27.79,-5.33,-0.19,1008.10,27.56,1.00,1.00,21.00,-40.20,-0.04,0.01,-0.34,0.94
0.01,-0.10,1.00,-0.31,-0.98,-1.67,27.82,-5.35,-0.22,1008.10,27.56,1.00,1.00,21.00,-40.24,-0.04,0.01,-0.34,0.94
0.02,-0.10,0.99,-0.83,-0.57,-1.53,27.82,-5.38,-0.25,1008.10,27.56,1.00,1.00,21.00,-40.27,-0.04,0.01,-0.34,0.94
0.01,-0.10,0.99,-0.23,-0.93,0.15,27.83,-5.39,-0.27,1008.10,27.56,1.00,1.00,21.00,-40.27,-0.04,0.01,-0.34,0.94
0.00,-0.10,0.99,0.60,0.01,0.17,27.81,-5.39,-0.27,1008.10,27.56,1.00,1.00,21.00,-40.26,-0.04,0.01,-0.34,0.94
0.01,-0.10,0.99,1.04,1.88,-0.64,27.82,-5.38,-0.24,1008.10,27.56,1.00,1.00,21.00,-40.28,-0.04,0.01,-0.34,0.94
0.01,-0.10,1.00,1.14,1.75,-0.63,27.82,-5.36,-0.21,1008.10,27.56,1.00,1.00,21.00,-40.29,-0.04,0.01,-0.34,0.94
0.01,-0.10,1.00,1.09,-0.52,-0.12,27.80,-5.34,-0.22,1008.10,27.56,1.00,1.00,21.00,-40.29,-0.04,0.01,-0.34,0.94
0.00,-0.10,1.00,0.37,-1.61,-0.93,27.81,-5.33,-0.26,1008.10,27.56,1.00,1.00,21.00,-40.31,-0.04,0.01,-0.34,0.94
0.01,-0.10,1.00,0.21,-0.81,-1.81,27.82,-5.33,-0.28,1008.10,27.56,1.00,1.00,21.00,-40.35,-0.04,0.01,-0.34,0.94
0.01,-0.10,1.00,0.68,0.33,-1.41,27.81,-5.33,-0.28,1008.10,27.56,1.00,1.00,21.00,-40.38,-0.04,0.01,-0.34,0.94
0.01,-0.10,1.01,0.75,0.75,-0.20,27.81,-5.32,-0.27,1008.10,27.56,1.00,1.00,21.00,-40.38,-0.04,0.01,-0.34,0.94
0.01,-0.10,1.00,-0.00,0.88,0.94,27.81,-5.33,-0.26,1008.10,27.57,1.00,1.00,21.00,-40.36,-0.04,0.01,-0.34,0.94
0.01,-0.09,0.99,-0.59,0.01,0.95,27.80,-5.34,-0.27,1008.10,27.57,1.00,1.00,21.00,-40.34,-0.04,0.01,-0.34,0.94
0.01,-0.10,1.00,-0.21,-0.33,0.26,27.82,-5.35,-0.28,1008.10,27.57,1.00,1.00,21.00,-40.34,-0.04,0.01,-0.34,0.94
0.01,-0.09,0.99,-0.51,1.02,-0.33,27.81,-5.36,-0.27,1008.10,27.57,1.00,1.00,21.00,-40.35,-0.04,0.01,-0.34,0.94
0.01,-0.09,0.97,-0.44,2.41,0.58,27.84,-5.37,-0.22,1008.10,27.57,1.00,1.00,21.00,-40.33,-0.04,0.01,-0.34,0.94
0.01,-0.09,0.98,0.68,1.56,2.47,27.82,-5.35,-0.20,1008.10,27.57,1.00,1.00,21.00,-40.28,-0.04,0.01,-0.34,0.94
0.01,-0.08,0.98,0.52,3.30,3.65,27.82,-5.33,-0.14,1008.10,27.57,1.00,1.00,21.00,-40.20,-0.04,0.01,-0.34,0.94
0.00,-0.08,0.98,1.59,2.92,3.41,27.83,-5.28,-0.09,1008.10,27.57,1.00,1.00,21.00,-40.13,-0.04,0.02,-0.34,0.94
0.01,-0.09,1.00,2.20,0.67,2.23,27.82,-5.24,-0.08,1008.10,27.57,1.00,1.00,21.00,-40.09,-0.04,0.01,-0.34,0.94
0.01,-0.10,1.01,0.83,-0.25,1.14,27.85,-5.23,-0.10,1008.10,27.57,1.00,1.00,21.00,-40.06,-0.04,0.01,-0.34,0.94
0.00,-0.10,1.02,-0.90,-1.14,0.51,27.83,-5.25,-0.12,1008.10,27.57,1.00,1.00,21.00,-40.05,-0.04,0.01,-0.34,0.94
0.00,-0.10,1.02,-1.92,-2.01,0.65,27.83,-5.30,-0.16,1008.10,27.58,1.00,1.00,21.00,-40.04,-0.04,0.01,-0.34,0.94
0.01,-0.12,1.03,-2.81,-1.12,1.32,27.83,-5.39,-0.19,1008.10,27.58,1.00,1.00,21.00,-40.01,-0.04,0.01,-0.34,0.94
0.01,-0.11,1.02,-4.82,0.13,2.61,27.82,-5.50,-0.20,1008.10,27.58,1.00,1.00,21.00,-39.96,-0.05,0.01,-0.34,0.94
0.00,-0.11,1.01,-6.22,-0.37,3.77,27.83,-5.64,-0.20,1008.10,27.58,1.00,1.00,21.00,-39.88,-0.05,0.02,-0.34,0.94
0.00,-0.11,0.99,-6.12,-0.87,3.18,27.84,-5.79,-0.22,1008.10,27.58,1.00,1.00,21.00,-39.81,-0.05,0.02,-0.34,0.94
-0.00,-0.11,0.98,-4.63,-0.27,1.29,27.85,-5.90,-0.22,1008.11,27.58,1.00,1.00,21.00,-39.78,-0.05,0.02,-0.34,0.94
0.00,-0.11,0.97,-2.93,-0.61,0.45,27.84,-5.97,-0.23,1008.11,27.58,1.00,1.00,21.00,-39.77,-0.05,0.02,-0.34,0.94
-0.00,-0.12,0.98,-1.43,-0.80,-0.33,27.84,-6.02,-0.24,1008.11,27.58,1.00,1.00,21.00,-39.78,-0.05,0.02,-0.34,0.94
0.00,-0.12,0.99,-0.99,0.91,-0.95,27.83,-6.06,-0.22,1008.11,27.58,1.00,1.00,21.00,-39.80,-0.05,0.02,-0.34,0.94
-0.00,-0.11,0.99,-0.39,1.88,-0.27,27.83,-6.08,-0.18,1008.11,27.58,1.00,1.00,21.00,-39.81,-0.05,0.02,-0.34,0.94
-0.01,-0.11,0.99,1.39,0.96,0.28,27.84,-6.05,-0.15,1008.11,27.58,1.00,1.00,21.00,-39.80,-0.05,0.02,-0.34,0.94
-0.01,-0.11,1.00,2.10,1.59,-0.77,27.84,-6.02,-0.10,1008.10,27.58,1.00,1.00,21.00,-39.82,-0.05,0.02,-0.34,0.94
0.00,-0.11,1.00,1.46,2.64,-1.95,27.86,-6.00,-0.05,1008.10,27.58,1.00,1.00,21.00,-39.86,-0.05,0.02,-0.34,0.94
0.01,-0.11,1.00,0.75,2.56,-1.30,27.83,-5.98,-0.00,1008.11,27.58,1.00,1.00,21.00,-39.88,-0.05,0.02,-0.34,0.94
0.01,-0.10,1.01,1.01,0.70,-0.25,27.84,-5.96,0.00,1008.11,27.60,1.00,1.00,21.00,-39.89,-0.05,0.02,-0.34,0.94
0.01,-0.11,1.01,0.09,-0.41,-0.99,27.83,-5.96,-0.02,1008.11,27.60,1.00,1.00,21.00,-39.91,-0.05,0.02,-0.34,0.94
0.01,-0.10,1.00,-1.90,0.24,-1.98,27.83,-5.99,-0.03,1008.11,27.60,1.00,1.00,21.00,-39.95,-0.05,0.02,-0.34,0.94
0.01,-0.10,0.99,-2.54,-0.46,-0.98,27.85,-6.04,-0.05,1008.11,27.60,1.00,1.00,21.00,-39.97,-0.05,0.02,-0.34,0.94
0.02,-0.10,0.99,-1.96,-1.26,1.14,27.84,-6.08,-0.10,1008.11,27.60,1.00,1.00,21.00,-39.95,-0.05,0.02,-0.34,0.94
0.01,-0.10,0.98,-1.97,-0.28,2.42,27.87,-6.12,-0.11,1008.11,27.60,1.00,1.00,21.00,-39.90,-0.05,0.02,-0.34,0.94
0.01,-0.10,0.98,-2.31,0.21,2.08,27.85,-6.16,-0.12,1008.11,27.60,1.00,1.00,21.00,-39.85,-0.05,0.02,-0.34,0.94
0.01,-0.10,0.98,-2.10,-0.64,1.54,27.86,-6.19,-0.14,1008.11,27.60,1.00,1.00,21.00,-39.82,-0.05,0.02,-0.34,0.94
0.02,-0.10,0.99,-1.77,-1.41,1.45,27.87,-6.22,-0.18,1008.11,27.60,1.00,1.00,21.00,-39.79,-0.05,0.02,-0.34,0.94
0.01,-0.10,1.00,-1.35,-1.90,2.46,27.84,-6.24,-0.23,1008.11,27.60,1.00,1.00,21.00,-39.74,-0.05,0.02,-0.34,0.94
0.01,-0.12,1.01,-1.80,-1.61,3.94,27.86,-6.28,-0.27,1008.11,27.60,1.00,1.00,21.00,-39.66,-0.05,0.02,-0.34,0.94
0.00,-0.12,1.01,-3.08,-0.48,4.81,27.86,-6.36,-0.27,1008.11,27.60,1.00,1.00,21.00,-39.56,-0.05,0.02,-0.34,0.94
-0.00,-0.13,1.01,-3.63,-0.59,4.67,27.86,-6.45,-0.27,1008.11,27.60,1.00,1.00,21.00,-39.46,-0.05,0.02,-0.34,0.94
-0.01,-0.13,1.00,-4.06,-0.61,3.43,27.87,-6.55,-0.27,1008.11,27.60,1.00,1.00,21.00,-39.38,-0.05,0.02,-0.34,0.94
-0.01,-0.13,1.00,-4.15,-0.36,1.90,27.86,-6.65,-0.26,1008.11,27.60,1.00,1.00,21.00,-39.34,-0.06,0.02,-0.34,0.94
-0.01,-0.13,1.00,-3.86,-0.50,0.80,27.86,-6.75,-0.26,1008.11,27.60,1.00,1.00,21.00,-39.33,-0.06,0.02,-0.34,0.94
-0.01,-0.14,0.99,-3.64,-0.12,-0.22,27.84,-6.85,-0.25,1008.11,27.60,1.00,1.00,21.00,-39.33,-0.06,0.02,-0.34,0.94
-0.01,-0.14,0.99,-3.56,1.29,-1.40,27.83,-6.94,-0.20,1008.11,27.60,1.00,1.00,21.00,-39.36,-0.06,0.02,-0.34,0.94
-0.02,-0.13,0.98,-3.07,3.18,-2.55,27.85,-7.02,-0.11,1008.11,27.60,1.00,1.00,21.00,-39.42,-0.06,0.02,-0.34,0.94
-0.01,-0.13,0.97,-1.58,4.97,-2.92,27.85,-7.06,0.01,1008.11,27.60,1.00,1.00,21.00,-39.48,-0.06,0.02,-0.34,0.94
-0.00,-0.12,0.98,1.20,4.91,-2.61,27.86,-7.03,0.11,1008.11,27.60,1.00,1.00,21.00,-39.53,-0.06,0.02,-0.34,0.94
0.00,-0.12,0.98,3.63,3.56,-1.27,27.86,-6.96,0.18,1008.11,27.60,1.00,1.00,21.00,-39.56,-0.06,0.02,-0.34,0.94
0.01,-0.13,1.00,3.72,1.97,-1.52,27.85,-6.89,0.21,1008.11,27.60,1.00,1.00,21.00,-39.59,-0.06,0.02,-0.34,0.94
0.01,-0.12,1.00,2.86,1.43,-2.25,27.85,-6.83,0.23,1008.11,27.60,1.00,1.00,21.00,-39.64,-0.06,0.02,-0.34,0.94
0.01,-0.12,1.00,2.47,1.22,-2.88,27.87,-6.77,0.23,1008.11,27.60,1.00,1.00,21.00,-39.70,-0.05,0.02,-0.34,0.94
0.01,-0.12,1.01,2.64,0.75,-2.56,27.86,-6.71,0.24,1008.12,27.60,1.00,1.00,21.00,-39.75,-0.05,0.02,-0.34,0.94
0.01,-0.12,1.02,1.49,0.83,-1.58,27.86,-6.69,0.24,1008.12,27.60,1.00,1.00,21.00,-39.78,-0.05,0.02,-0.34,0.94
0.01,-0.13,1.01,-0.14,0.17,-0.11,27.89,-6.70,0.22,1008.13,27.60,1.00,1.00,21.00,-39.79,-0.05,0.02,-0.34,0.94
0.01,-0.11,1.00,-1.32,-0.85,1.19,27.86,-6.72,0.19,1008.13,27.60,1.00,1.00,21.00,-39.76,-0.05,0.02,-0.34,0.94
-0.00,-0.12,1.00,-1.06,-2.17,1.11,27.87,-6.74,0.15,1008.13,27.60,1.00,1.00,21.00,-39.74,-0.05,0.02,-0.34,0.94
-0.01,-0.13,1.00,-0.86,-1.61,-0.26,27.89,-6.77,0.12,1008.13,27.60,1.00,1.00,21.00,-39.74,-0.06,0.02,-0.34,0.94
-0.00,-0.13,0.99,-2.10,0.17,-0.92,27.86,-6.83,0.12,1008.13,27.60,1.00,1.00,21.00,-39.76,-0.06,0.02,-0.34,0.94
-0.00,-0.12,0.98,-2.33,0.08,0.15,27.86,-6.88,0.13,1008.13,27.60,1.00,1.00,21.00,-39.76,-0.06,0.02,-0.34,0.94
-0.01,-0.12,0.97,-0.64,-0.64,0.67,27.87,-6.90,0.13,1008.13,27.60,1.00,1.00,21.00,-39.75,-0.06,0.02,-0.34,0.94
-0.02,-0.12,0.98,1.04,-0.35,-0.84,27.89,-6.88,0.14,1008.13,27.60,1.00,1.00,21.00,-39.76,-0.06,0.02,-0.34,0.94
-0.01,-0.12,0.98,0.87,1.87,-2.56,27.88,-6.87,0.18,1008.13,27.60,1.00,1.00,21.00,-39.82,-0.06,0.02,-0.34,0.94
-0.01,-0.12,0.98,0.71,2.73,-2.49,27.88,-6.86,0.24,1008.13,27.61,1.00,1.00,21.00,-39.87,-0.06,0.02,-0.34,0.94
0.00,-0.12,0.99,2.17,2.14,-0.61,27.87,-6.81,0.28,1008.13,27.61,1.00,1.00,21.00,-39.88,-0.06,0.02,-0.34,0.94
0.00,-0.12,0.99,3.10,2.00,0.02,27.87,-6.75,0.31,1008.13,27.61,1.00,1.00,21.00,-39.88,-0.05,0.02,-0.34,0.94
0.00,-0.12,1.00,2.33,2.45,-0.51,27.85,-6.71,0.35,1008.13,27.61,1.00,1.00,21.00,-39.89,-0.05,0.02,-0.34,0.94
0.00,-0.12,1.00,1.38,1.94,-1.15,27.88,-6.68,0.39,1008.13,27.61,1.00,1.00,21.00,-39.92,-0.05,0.02,-0.34,0.94
0.00,-0.12,1.00,1.26,0.25,-1.09,27.86,-6.65,0.38,1008.13,27.61,1.00,1.00,21.00,-39.94,-0.05,0.02,-0.34,0.94
-0.01,-0.11,1.01,0.77,-0.09,-1.07,27.87,-6.63,0.38,1008.13,27.61,1.00,1.00,21.00,-39.96,-0.05,0.02,-0.34,0.94
-0.00,-0.11,1.00,0.01,1.01,-0.65,27.87,-6.62,0.39,1008.13,27.61,1.00,1.00,21.00,-39.98,-0.05,0.02,-0.34,0.94
-0.00,-0.11,1.00,0.49,0.83,0.77,27.86,-6.61,0.41,1008.13,27.61,1.00,1.00,21.00,-39.96,-0.05,0.02,-0.34,0.94
-0.01,-0.12,1.00,0.85,0.20,1.25,27.84,-6.59,0.41,1008.13,27.61,1.00,1.00,21.00,-39.93,-0.05,0.02,-0.34,0.94
-0.01,-0.12,1.01,-0.12,0.46,0.29,27.86,-6.60,0.43,1008.12,27.61,1.00,1.00,21.00,-39.93,-0.05,0.02,-0.34,0.94
-0.00,-0.12,1.00,-0.88,-0.23,-0.01,27.87,-6.61,0.42,1008.12,27.61,1.00,1.00,21.00,-39.93,-0.05,0.02,-0.34,0.94
-0.01,-0.12,1.00,-0.55,-1.67,0.38,27.89,-6.63,0.38,1008.12,27.61,1.00,1.00,21.00,-39.92,-0.05,0.02,-0.34,0.94
-0.01,-0.12,1.00,-1.07,-1.75,0.05,27.86,-6.65,0.35,1008.12,27.61,1.00,1.00,21.00,-39.92,-0.05,0.02,-0.34,0.94
-0.00,-0.12,0.99,-1.71,-1.38,-0.42,27.86,-6.69,0.32,1008.12,27.61,1.00,1.00,21.00,-39.93,-0.05,0.02,-0.34,0.94
-0.01,-0.12,0.99,-1.47,-1.30,-0.72,27.85,-6.72,0.29,1008.12,27.61,1.00,1.00,21.00,-39.94,-0.05,0.02,-0.34,0.94
-0.01,-0.13,0.98,-0.38,-1.13,-0.17,27.89,-6.74,0.27,1008.12,27.61,1.00,1.00,21.00,-39.95,-0.05,0.02,-0.34,0.94
-0.01,-0.12,0.98,-0.23,0.17,-0.05,27.87,-6.75,0.28,1008.12,27.61,1.00,1.00,21.00,-39.95,-0.05,0.02,-0.34,0.94
-0.01,-0.12,0.98,0.36,1.07,-0.34,27.87,-6.75,0.30,1008.12,27.61,1.00,1.00,21.00,-39.95,-0.05,0.02,-0.34,0.94
-0.00,-0.12,0.98,1.14,1.01,-0.33,27.87,-6.73,0.32,1008.12,27.61,1.00,1.00,21.00,-39.96,-0.05,0.02,-0.34,0.94
-0.01,-0.12,0.98,1.28,1.00,-0.76,27.87,-6.70,0.35,1008.12,27.61,1.00,1.00,21.00,-39.98,-0.05,0.02,-0.34,0.94
-0.00,-0.12,0.99,1.77,1.22,-1.00,27.88,-6.67,0.37,1008.11,27.61,1.00,1.00,21.00,-40.00,-0.05,0.02,-0.34,0.94
-0.00,-0.12,1.00,2.79,0.78,-0.39,27.86,-6.62,0.38,1008.11,27.61,1.00,1.00,21.00,-40.01,-0.05,0.02,-0.34,0.94
-0.00,-0.12,1.00,2.56,1.06,-0.82,27.86,-6.57,0.40,1008.11,27.61,1.00,1.00,21.00,-40.02,-0.05,0.02,-0.34,0.94
-0.01,-0.12,1.01,1.26,1.56,-1.01,27.88,-6.54,0.43,1008.11,27.61,1.00,1.00,21.00,-40.04,-0.05,0.02,-0.34,0.94
-0.00,-0.12,1.02,0.85,0.74,-0.71,27.86,-6.52,0.44,1008.12,27.62,1.00,1.00,21.00,-40.06,-0.05,0.02,-0.34,0.94
-0.00,-0.11,1.01,-0.04,0.30,-0.44,27.87,-6.52,0.44,1008.12,27.62,1.00,1.00,21.00,-40.07,-0.05,0.02,-0.34,0.94
-0.01,-0.12,1.01,-1.05,-0.48,0.24,27.88,-6.55,0.43,1008.11,27.62,1.00,1.00,21.00,-40.06,-0.05,0.02,-0.34,0.94
-0.01,-0.12,1.00,-1.69,-0.90,0.19,27.88,-6.58,0.42,1008.11,27.62,1.00,1.00,21.00,-40.06,-0.05,0.02,-0.34,0.94
-0.01,-0.11,0.99,-1.35,-0.67,-0.35,27.87,-6.61,0.40,1008.11,27.62,1.00,1.00,21.00,-40.07,-0.05,0.02,-0.34,0.94
-0.00,-0.12,0.99,-0.04,-1.09,-0.06,27.87,-6.61,0.38,1008.11,27.62,1.00,1.00,21.00,-40.07,-0.05,0.02,-0.34,0.94
-0.00,-0.12,1.00,0.02,-1.67,-0.04,27.87,-6.62,0.34,1008.11,27.62,1.00,1.00,21.00,-40.07,-0.05,0.02,-0.34,0.94
-0.00,-0.12,1.00,-1.33,-1.52,-0.37,27.89,-6.65,0.31,1008.11,27.62,1.00,1.00,21.00,-40.08,-0.05,0.02,-0.34,0.94
0.00,-0.12,1.00,-1.42,-1.38,-0.23,27.89,-6.69,0.27,1008.11,27.62,1.00,1.00,21.00,-40.08,-0.05,0.02,-0.34,0.94
0.00,-0.12,0.99,-0.87,-0.93,0.50,27.87,-6.71,0.24,1008.11,27.62,1.00,1.00,21.00,-40.07,-0.05,0.02,-0.34,0.94
-0.01,-0.12,0.99,-0.68,-0.64,0.08,27.89,-6.73,0.23,1008.11,27.62,1.00,1.00,21.00,-40.07,-0.05,0.02,-0.34,0.94
0.00,-0.12,0.98,-0.67,-0.09,-0.26,27.89,-6.74,0.22,1008.11,27.63,1.00,1.00,21.00,-40.08,-0.05,0.02,-0.34,0.94
-0.00,-0.12,0.99,0.45,-0.81,0.25,27.90,-6.73,0.20,1008.11,27.63,1.00,1.00,21.00,-40.07,-0.05,0.02,-0.34,0.94
-0.00,-0.12,1.00,1.07,-1.22,0.31,27.89,-6.72,0.18,1008.11,27.63,1.00,1.00,21.00,-40.06,-0.05,0.02,-0.34,0.94
-0.01,-0.12,1.00,-0.25,0.37,-0.27,27.88,-6.73,0.19,1008.11,27.63,1.00,1.00,21.00,-40.07,-0.05,0.02,-0.34,0.94
-0.00,-0.12,0.99,-0.69,0.25,-0.38,27.89,-6.74,0.19,1008.11,27.63,1.00,1.00,21.00,-40.08,-0.05,0.02,-0.34,0.94
-0.00,-0.12,1.00,0.51,-1.25,0.31,27.90,-6.73,0.17,1008.10,27.63,1.00,1.00,21.00,-40.07,-0.05,0.02,-0.34,0.94
-0.01,-0.12,1.00,0.85,-1.46,0.02,27.89,-6.72,0.14,1008.10,27.63,1.00,1.00,21.00,-40.07,-0.05,0.02,-0.34,0.94
-0.00,-0.12,1.01,-0.38,-0.61,-0.41,27.89,-6.73,0.12,1008.10,27.63,1.00,1.00,21.00,-40.08,-0.05,0.02,-0.34,0.94
-0.00,-0.11,1.01,-1.32,-0.25,-0.26,27.89,-6.75,0.12,1008.10,27.63,1.00,1.00,21.00,-40.08,-0.05,0.02,-0.34,0.94
-0.00,-0.11,1.00,-1.45,-1.06,0.67,27.89,-6.77,0.10,1008.10,27.63,1.00,1.00,21.00,-40.07,-0.06,0.02,-0.34,0.94
-0.00,-0.12,1.01,-1.81,-2.01,0.31,27.89,-6.81,0.06,1008.10,27.63,1.00,1.00,21.00,-40.06,-0.06,0.02,-0.34,0.94
-0.00,-0.11,0.99,-3.24,-1.18,-0.62,27.88,-6.87,0.03,1008.10,27.63,1.00,1.00,21.00,-40.08,-0.06,0.02,-0.34,0.94
0.00,-0.11,0.98,-3.28,-1.47,-0.60,27.90,-6.93,-0.00,1008.10,27.63,1.00,1.00,21.00,-40.09,-0.06,0.02,-0.34,0.94
0.00,-0.12,0.98,-2.18,-1.65,0.09,27.90,-6.97,-0.04,1008.10,27.63,1.00,1.00,21.00,-40.09,-0.06,0.02,-0.34,0.94
0.00,-0.12,0.98,-1.57,-1.19,0.73,27.89,-7.01,-0.06,1008.10,27.63,1.00,1.00,21.00,-40.07,-0.06,0.02,-0.34,0.94
0.00,-0.12,0.98,-1.55,-0.01,1.19,27.88,-7.04,-0.06,1008.10,27.63,1.00,1.00,21.00,-40.05,-0.06,0.02,-0.34,0.94
-0.00,-0.12,0.98,-1.19,0.50,1.05,27.89,-7.06,-0.05,1008.10,27.63,1.00,1.00,21.00,-40.02,-0.06,0.02,-0.34,0.94
0.00,-0.12,0.98,-0.15,0.26,0.91,27.90,-7.06,-0.04,1008.10,27.63,1.00,1.00,21.00,-40.01,-0.06,0.02,-0.34,0.94
-0.00,-0.12,0.98,0.79,-0.78,0.38,27.89,-7.04,-0.06,1008.10,27.63,1.00,1.00,21.00,-40.00,-0.06,0.02,-0.34,0.94
-0.00,-0.13,0.98,0.59,-0.72,-0.35,27.91,-7.04,-0.07,1008.10,27.63,1.00,1.00,21.00,-40.01,-0.06,0.02,-0.34,0.94
0.01,-0.13,0.99,0.01,0.96,-0.37,27.92,-7.04,-0.06,1008.10,27.63,1.00,1.00,21.00,-40.01,-0.06,0.02,-0.34,0.94
0.01,-0.13,0.99,0.75,1.49,0.99,27.90,-7.03,-0.03,1008.10,27.63,1.00,1.00,21.00,-39.99,-0.06,0.02,-0.34,0.94
0.00,-0.13,1.00,1.48,1.94,1.84,27.91,-7.01,0.00,1008.10,27.63,1.00,1.00,21.00,-39.95,-0.06,0.02,-0.34,0.94
0.00,-0.13,1.00,1.34,1.23,1.36,27.90,-6.98,0.03,1008.10,27.63,1.00,1.00,21.00,-39.93,-0.06,0.02,-0.34,0.94
-0.00,-0.13,1.01,0.11,0.55,0.13,27.89,-6.98,0.04,1008.10,27.64,1.00,1.00,21.00,-39.92,-0.06,0.02,-0.34,0.94
0.00,-0.13,1.00,-1.09,-0.15,-0.88,27.92,-7.01,0.03,1008.10,27.64,1.00,1.00,21.00,-39.94,-0.06,0.02,-0.34,0.94
-0.00,-0.13,1.00,-0.64,-0.56,-0.48,27.92,-7.03,0.02,1008.10,27.64,1.00,1.00,21.00,-39.95,-0.06,0.02,-0.34,0.94
-0.00,-0.13,0.99,-0.76,-0.34,0.32,27.91,-7.05,0.02,1008.10,27.64,1.00,1.00,21.00,-39.94,-0.06,0.02,-0.34,0.94
0.00,-0.12,0.98,-1.14,0.45,0.20,27.91,-7.07,0.03,1008.10,27.64,1.00,1.00,21.00,-39.94,-0.06,0.02,-0.34,0.94
0.01,-0.12,0.99,-0.51,1.13,-0.10,27.91,-7.08,0.04,1008.10,27.64,1.00,1.00,21.00,-39.94,-0.06,0.02,-0.34,0.94
0.01,-0.13,1.00,0.39,0.73,0.28,27.90,-7.08,0.05,1008.10,27.64,1.00,1.00,21.00,-39.94,-0.06,0.02,-0.34,0.94
0.00,-0.13,1.00,-0.83,0.17,0.68,27.90,-7.10,0.04,1008.10,27.64,1.00,1.00,21.00,-39.92,-0.06,0.02,-0.34,0.94
-0.00,-0.12,0.99,-1.87,-0.27,0.50,27.90,-7.13,0.04,1008.10,27.64,1.00,1.00,21.00,-39.91,-0.06,0.02,-0.34,0.94
-0.01,-0.12,0.99,-0.80,-0.32,0.14,27.91,-7.15,0.04,1008.10,27.64,1.00,1.00,21.00,-39.91,-0.06,0.02,-0.34,0.94
0.00,-0.13,1.00,0.99,-0.23,-0.36,27.91,-7.13,0.04,1008.10,27.64,1.00,1.00,21.00,-39.92,-0.06,0.02,-0.34,0.94
-0.00,-0.13,1.00,0.52,0.17,0.02,27.91,-7.13,0.04,1008.09,27.65,1.00,1.00,21.00,-39.92,-0.06,0.02,-0.34,0.94
-0.00,-0.13,0.99,-0.47,-0.26,0.93,27.90,-7.14,0.04,1008.09,27.65,1.00,1.00,21.00,-39.90,-0.06,0.02,-0.34,0.94
0.01,-0.13,1.01,-0.29,-0.27,0.68,27.92,-7.15,0.02,1008.09,27.65,1.00,1.00,21.00,-39.88,-0.06,0.02,-0.34,0.94
0.00,-0.13,1.00,-0.35,-0.06,0.27,27.93,-7.17,0.02,1008.09,27.65,1.00,1.00,21.00,-39.88,-0.06,0.02,-0.34,0.94
-0.01,-0.13,0.99,-1.06,-0.74,-0.07,27.92,-7.19,0.01,1008.09,27.65,1.00,1.00,21.00,-39.88,-0.06,0.02,-0.34,0.94
-0.01,-0.13,0.98,-0.99,-1.47,-0.62,27.94,-7.22,-0.01,1008.09,27.65,1.00,1.00,21.00,-39.89,-0.06,0.02,-0.34,0.94
0.00,-0.13,0.99,0.54,-0.36,-0.96,27.93,-7.21,-0.03,1008.09,27.65,1.00,1.00,21.00,-39.91,-0.06,0.02,-0.34,0.94
0.01,-0.14,0.99,1.40,0.77,0.22,27.91,-7.19,-0.02,1008.09,27.65,1.00,1.00,21.00,-39.91,-0.06,0.02,-0.34,0.94
0.00,-0.13,0.99,0.65,0.91,1.75,27.93,-7.18,0.00,1008.09,27.65,1.00,1.00,21.00,-39.87,-0.06,0.02,-0.34,0.94
-0.01,-0.12,0.98,0.07,0.13,1.67,27.93,-7.18,0.02,1008.09,27.65,1.00,1.00,21.00,-39.83,-0.06,0.02,-0.34,0.94
-0.00,-0.12,0.99,0.94,-0.80,-0.43,27.93,-7.15,0.00,1008.09,27.65,1.00,1.00,21.00,-39.84,-0.06,0.02,-0.34,0.94
-0.00,-0.13,1.00,1.80,-1.22,-2.42,27.92,-7.12,-0.02,1008.09,27.65,1.00,1.00,21.00,-39.89,-0.06,0.02,-0.34,0.94
0.00,-0.13,1.00,0.78,-1.44,-1.98,27.91,-7.11,-0.05,1008.09,27.65,1.00,1.00,21.00,-39.94,-0.06,0.02,-0.34,0.94
-0.00,-0.13,1.00,-0.06,-0.97,-0.65,27.94,-7.11,-0.06,1008.09,27.65,1.00,1.00,21.00,-39.95,-0.06,0.02,-0.34,0.94
0.00,-0.13,1.00,0.79,-0.52,-0.20,27.94,-7.10,-0.07,1008.10,27.66,1.00,1.00,21.00,-39.95,-0.06,0.02,-0.34,0.94
0.00,-0.12,1.00,1.36,0.23,-0.34,27.93,-7.07,-0.07,1008.10,27.66,1.00,1.00,21.00,-39.96,-0.06,0.02,-0.34,0.94
0.00,-0.13,1.00,0.07,-0.09,-0.06,27.94,-7.08,-0.07,1008.10,27.66,1.00,1.00,21.00,-39.96,-0.06,0.02,-0.34,0.94
-0.00,-0.12,0.99,-0.86,-1.09,-0.10,27.93,-7.09,-0.09,1008.10,27.66,1.00,1.00,21.00,-39.96,-0.06,0.02,-0.34,0.94
-0.00,-0.12,0.99,-0.62,-1.54,-0.63,27.92,-7.11,-0.11,1008.10,27.66,1.00,1.00,21.00,-39.98,-0.06,0.02,-0.34,0.94
0.00,-0.12,0.98,0.06,-1.02,-1.40,27.93,-7.10,-0.13,1008.09,27.66,1.00,1.00,21.00,-40.01,-0.06,0.02,-0.34,0.94
0.00,-0.12,0.99,0.40,-0.99,-1.33,27.93,-7.10,-0.16,1008.09,27.66,1.00,1.00,21.00,-40.03,-0.06,0.02,-0.34,0.94
0.00,-0.12,0.98,0.52,-0.51,-0.49,27.94,-7.08,-0.17,1008.09,27.66,1.00,1.00,21.00,-40.04,-0.06,0.02,-0.34,0.94
0.00,-0.12,0.98,1.18,0.02,-0.26,27.91,-7.06,-0.17,1008.09,27.66,1.00,1.00,21.00,-40.05,-0.06,0.02,-0.34,0.94
0.01,-0.12,0.99,1.95,0.33,-0.59,27.94,-7.01,-0.17,1008.09,27.66,1.00,1.00,21.00,-40.06,-0.06,0.02,-0.34,0.94
0.01,-0.12,0.99,1.90,0.39,-0.67,27.94,-6.97,-0.16,1008.09,27.66,1.00,1.00,21.00,-40.08,-0.06,0.02,-0.34,0.94
0.00,-0.12,1.00,1.52,-0.25,-0.62,27.95,-6.94,-0.17,1008.09,27.67,1.00,1.00,21.00,-40.09,-0.06,0.02,-0.34,0.94
0.01,-0.12,0.99,1.25,-0.31,-0.24,27.93,-6.91,-0.18,1008.09,27.67,1.00,1.00,21.00,-40.09,-0.06,0.02,-0.34,0.94
0.01,-0.12,1.00,1.44,-0.56,-0.32,27.94,-6.88,-0.20,1008.09,27.67,1.00,1.00,21.00,-40.10,-0.06,0.02,-0.34,0.94
0.01,-0.12,1.01,0.91,-0.19,-0.27,27.94,-6.87,-0.21,1008.09,27.67,1.00,1.00,21.00,-40.11,-0.06,0.02,-0.34,0.94
0.01,-0.13,1.01,0.17,-0.64,0.18,27.95,-6.87,-0.23,1008.09,27.67,1.00,1.00,21.00,-40.10,-0.06,0.02,-0.34,0.94
0.01,-0.13,1.01,-0.44,-1.17,0.63,27.97,-6.88,-0.26,1008.09,27.67,1.00,1.00,21.00,-40.09,-0.06,0.02,-0.34,0.94
0.00,-0.12,1.00,-1.06,-1.19,0.41,27.95,-6.91,-0.28,1008.09,27.67,1.00,1.00,21.00,-40.08,-0.06,0.02,-0.34,0.94
0.00,-0.12,1.00,-1.33,-1.40,0.05,27.92,-6.94,-0.31,1008.09,27.67,1.00,1.00,21.00,-40.08,-0.06,0.02,-0.34,0.94
-0.01,-0.12,0.99,-1.22,-1.50,-0.15,27.94,-6.97,-0.33,1008.09,27.67,1.00,1.00,21.00,-40.08,-0.06,0.02,-0.34,0.94
0.00,-0.13,0.99,-0.79,-1.21,-0.40,27.95,-6.99,-0.35,1008.09,27.67,1.00,1.00,21.00,-40.09,-0.06,0.02,-0.34,0.94
-0.00,-0.12,0.98,-0.74,0.01,-0.41,27.97,-7.00,-0.34,1008.09,27.67,1.00,1.00,21.00,-40.10,-0.06,0.02,-0.34,0.94
-0.00,-0.12,0.99,0.42,-0.12,-0.11,27.97,-6.99,-0.33,1008.09,27.67,1.00,1.00,21.00,-40.10,-0.06,0.02,-0.34,0.94
0.01,-0.12,0.99,0.91,-0.24,-0.24,27.94,-6.96,-0.34,1008.09,27.67,1.00,1.00,21.00,-40.11,-0.06,0.02,-0.34,0.94
0.01,-0.12,0.99,0.59,0.14,-0.84,27.95,-6.95,-0.33,1008.09,27.67,1.00,1.00,21.00,-40.13,-0.06,0.02,-0.34,0.94
0.01,-0.11,0.98,0.79,0.22,-1.31,27.94,-6.93,-0.33,1008.09,27.68,1.00,1.00,21.00,-40.15,-0.06,0.02,-0.34,0.94
0.01,-0.12,0.98,1.49,0.26,-1.65,27.96,-6.90,-0.33,1008.09,27.68,1.00,1.00,21.00,-40.19,-0.06,0.02,-0.34,0.94
0.01,-0.12,0.99,1.93,-0.99,-1.22,27.96,-6.85,-0.36,1008.09,27.68,1.00,1.00,21.00,-40.21,-0.06,0.02,-0.34,0.94
0.02,-0.12,1.01,1.38,-1.95,-0.94,27.94,-6.83,-0.41,1008.09,27.68,1.00,1.00,21.00,-40.23,-0.06,0.02,-0.34,0.94
0.02,-0.12,1.01,-0.31,-0.32,-0.39,27.98,-6.84,-0.43,1008.09,27.68,1.00,1.00,21.00,-40.24,-0.06,0.02,-0.34,0.94
0.01,-0.12,0.99,-0.93,0.78,0.78,27.95,-6.85,-0.42,1008.09,27.68,1.00,1.00,21.00,-40.22,-0.06,0.02,-0.34,0.94
0.01,-0.12,1.00,-0.10,0.36,1.84,27.97,-6.86,-0.42,1008.09,27.68,1.00,1.00,21.00,-40.19,-0.06,0.02,-0.34,0.94
0.01,-0.12,0.99,-0.18,1.38,1.34,27.96,-6.86,-0.39,1008.09,27.68,1.00,1.00,21.00,-40.16,-0.06,0.02,-0.34,0.94
0.01,-0.12,0.99,0.42,1.32,0.76,27.96,-6.86,-0.36,1008.09,27.68,1.00,1.00,21.00,-40.14,-0.06,0.02,-0.34,0.94
0.00,-0.12,0.99,0.88,0.62,0.70,27.97,-6.85,-0.35,1008.09,27.68,1.00,1.00,21.00,-40.13,-0.06,0.02,-0.34,0.94
0.00,-0.12,1.00,0.62,0.68,-0.02,27.94,-6.84,-0.33,1008.09,27.68,1.00,1.00,21.00,-40.13,-0.06,0.02,-0.34,0.94
0.00,-0.13,1.00,0.37,0.85,-0.24,27.98,-6.84,-0.30,1008.09,27.68,1.00,1.00,21.00,-40.13,-0.06,0.02,-0.34,0.94
-0.00,-0.12,1.00,-0.02,0.88,-0.17,27.98,-6.84,-0.28,1008.09,27.68,1.00,1.00,21.00,-40.14,-0.06,0.02,-0.34,0.94
-0.01,-0.12,1.00,0.23,0.64,-0.13,27.95,-6.83,-0.25,1008.09,27.68,1.00,1.00,21.00,-40.14,-0.06,0.02,-0.34,0.94
0.00,-0.12,1.00,1.05,0.57,-0.24,27.98,-6.81,-0.24,1008.09,27.68,1.00,1.00,21.00,-40.14,-0.06,0.02,-0.34,0.94
0.01,-0.12,1.00,1.12,1.40,-0.40,27.96,-6.79,-0.22,1008.09,27.68,1.00,1.00,21.00,-40.15,-0.06,0.02,-0.34,0.94
0.01,-0.12,0.99,0.65,1.48,0.02,27.97,-6.78,-0.19,1008.08,27.68,1.00,1.00,21.00,-40.15,-0.06,0.02,-0.34,0.94
0.01,-0.11,0.99,-0.05,0.56,0.52,27.96,-6.78,-0.19,1008.08,27.68,1.00,1.00,21.00,-40.14,-0.06,0.02,-0.34,0.94
0.01,-0.12,1.00,0.45,0.29,-0.46,27.97,-6.77,-0.18,1008.08,27.68,1.00,1.00,21.00,-40.15,-0.06,0.02,-0.34,0.94
0.01,-0.12,1.00,0.62,0.78,-1.01,27.97,-6.75,-0.17,1008.08,27.68,1.00,1.00,21.00,-40.17,-0.06,0.02,-0.34,0.94
0.01,-0.11,1.00,0.07,0.94,-0.01,27.98,-6.75,-0.16,1008.08,27.68,1.00,1.00,21.00,-40.17,-0.06,0.02,-0.34,0.94
-0.00,-0.11,0.99,-0.41,0.39,1.04,27.95,-6.75,-0.14,1008.08,27.68,1.00,1.00,21.00,-40.15,-0.06,0.02,-0.34,0.94
-0.01,-0.12,1.00,0.03,1.07,0.12,27.96,-6.75,-0.11,1008.08,27.68,1.00,1.00,21.00,-40.15,-0.06,0.02,-0.34,0.94
-0.00,-0.12,1.00,0.89,1.47,-0.21,27.96,-6.73,-0.08,1008.08,27.68,1.00,1.00,21.00,-40.15,-0.06,0.02,-0.34,0.94
-0.00,-0.12,1.00,0.43,0.79,0.31,27.95,-6.72,-0.06,1008.08,27.68,1.00,1.00,21.00,-40.15,-0.06,0.02,-0.34,0.94
-0.01,-0.12,1.00,-0.35,0.04,0.07,27.98,-6.73,-0.05,1008.08,27.70,1.00,1.00,21.00,-40.14,-0.06,0.02,-0.34,0.94
-0.00,-0.11,0.99,-0.40,0.67,-0.68,27.96,-6.73,-0.03,1008.08,27.70,1.00,1.00,21.00,-40.16,-0.06,0.02,-0.34,0.94
0.00,-0.12,1.00,0.78,0.20,-0.50,27.95,-6.72,-0.03,1008.08,27.70,1.00,1.00,21.00,-40.17,-0.06,0.02,-0.34,0.94
0.00,-0.12,1.00,0.37,0.20,-0.17,27.98,-6.71,-0.03,1008.08,27.70,1.00,1.00,21.00,-40.17,-0.06,0.02,-0.34,0.94
0.00,-0.12,1.00,-0.85,0.81,0.12,27.96,-6.73,-0.01,1008.08,27.70,1.00,1.00,21.00,-40.17,-0.06,0.02,-0.34,0.94
0.01,-0.12,0.99,-0.65,0.57,0.43,27.96,-6.75,-0.01,1008.08,27.70,1.00,1.00,21.00,-40.16,-0.06,0.02,-0.34,0.94
0.01,-0.12,1.00,-0.31,0.46,0.41,27.95,-6.76,-0.00,1008.08,27.70,1.00,1.00,21.00,-40.15,-0.06,0.02,-0.34,0.94
0.01,-0.12,0.99,-0.39,-0.03,0.26,27.97,-6.76,-0.01,1008.08,27.70,1.00,1.00,21.00,-40.15,-0.06,0.02,-0.34,0.94
0.00,-0.12,0.99,-0.19,-0.26,0.25,27.98,-6.77,-0.02,1008.08,27.70,1.00,1.00,21.00,-40.14,-0.06,0.02,-0.34,0.94
0.00,-0.13,1.00,0.23,-0.07,0.38,27.98,-6.77,-0.02,1008.08,27.70,1.00,1.00,21.00,-40.13,-0.06,0.02,-0.34,0.94
0.00,-0.12,1.00,-0.13,0.59,0.45,27.98,-6.77,-0.01,1008.08,27.70,1.00,1.00,21.00,-40.12,-0.06,0.02,-0.34,0.94
0.00,-0.12,1.00,-0.51,0.27,0.66,27.98,-6.78,-0.01,1008.08,27.72,1.00,1.00,21.00,-40.11,-0.06,0.02,-0.34,0.94
0.00,-0.12,1.00,-0.53,-0.01,0.74,27.97,-6.79,-0.01,1008.08,27.72,1.00,1.00,21.00,-40.10,-0.06,0.02,-0.34,0.94
-0.00,-0.12,1.00,-0.80,-0.16,0.29,27.96,-6.81,-0.01,1008.09,27.72,1.00,1.00,21.00,-40.09,-0.06,0.02,-0.34,0.94
-0.01,-0.12,0.99,-1.22,-0.63,0.13,27.97,-6.83,-0.02,1008.09,27.72,1.00,1.00,21.00,-40.09,-0.06,0.02,-0.34,0.94
-0.00,-0.12,1.00,-0.99,-0.76,0.30,27.98,-6.86,-0.03,1008.09,27.72,1.00,1.00,21.00,-40.08,-0.06,0.02,-0.34,0.94
0.00,-0.12,1.00,-0.99,-0.61,0.76,27.96,-6.88,-0.05,1008.09,27.72,1.00,1.00,21.00,-40.06,-0.06,0.02,-0.34,0.94
0.01,-0.12,1.00,-1.35,-0.73,0.93,28.00,-6.91,-0.07,1008.09,27.72,1.00,1.00,21.00,-40.04,-0.06,0.02,-0.34,0.94
0.01,-0.12,0.99,-1.96,-0.93,1.14,27.97,-6.95,-0.09,1008.09,27.72,1.00,1.00,21.00,-40.02,-0.06,0.02,-0.34,0.94
0.00,-0.12,0.98,-2.00,-0.97,0.76,27.98,-7.00,-0.11,1008.09,27.72,1.00,1.00,21.00,-40.00,-0.06,0.02,-0.34,0.94
-0.00,-0.12,0.98,-1.07,-1.09,-0.28,27.97,-7.02,-0.13,1008.09,27.72,1.00,1.00,21.00,-40.01,-0.06,0.02,-0.34,0.94
0.00,-0.13,0.99,-0.51,-0.56,-0.74,27.98,-7.04,-0.14,1008.09,27.72,1.00,1.00,21.00,-40.03,-0.06,0.02,-0.34,0.94
-0.01,-0.12,0.99,-0.17,-0.61,-0.59,27.98,-7.04,-0.14,1008.09,27.72,1.00,1.00,21.00,-40.04,-0.06,0.02,-0.34,0.94
-0.01,-0.12,0.99,0.29,0.11,-0.21,27.97,-7.04,-0.13,1008.09,27.72,1.00,1.00,21.00,-40.04,-0.06,0.02,-0.34,0.94
-0.00,-0.12,1.00,0.09,1.70,-0.27,27.99,-7.03,-0.09,1008.09,27.72,1.00,1.00,21.00,-40.05,-0.06,0.02,-0.34,0.94
0.01,-0.12,0.99,0.08,1.43,0.21,27.99,-7.03,-0.06,1008.09,27.72,1.00,1.00,21.00,-40.04,-0.06,0.02,-0.34,0.94
0.01,-0.13,1.00,0.30,0.19,0.62,27.97,-7.03,-0.07,1008.09,27.72,1.00,1.00,21.00,-40.03,-0.06,0.02,-0.34,0.94
0.01,-0.12,1.00,0.12,-0.08,-0.07,27.99,-7.03,-0.09,1008.10,27.72,1.00,1.00,21.00,-40.03,-0.06,0.02,-0.34,0.94
0.01,-0.12,1.00,-0.13,-0.35,-0.75,27.99,-7.03,-0.10,1008.10,27.72,1.00,1.00,21.00,-40.05,-0.06,0.02,-0.34,0.94
0.00,-0.12,1.00,-0.05,-0.70,-0.68,27.99,-7.03,-0.11,1008.10,27.72,1.00,1.00,21.00,-40.06,-0.06,0.02,-0.34,0.94
0.00,-0.13,1.01,0.22,-0.62,-0.46,27.99,-7.03,-0.13,1008.10,27.72,1.00,1.00,21.00,-40.07,-0.06,0.02,-0.34,0.94
-0.01,-0.13,1.01,0.31,-0.27,-0.11,27.99,-7.03,-0.12,1008.10,27.72,1.00,1.00,21.00,-40.07,-0.06,0.02,-0.34,0.94
-0.01,-0.13,1.01,-0.35,-0.38,-0.01,28.00,-7.04,-0.12,1008.10,27.72,1.00,1.00,21.00,-40.07,-0.06,0.02,-0.34,0.94
-0.01,-0.13,0.99,-1.10,-0.35,-0.27,28.01,-7.06,-0.11,1008.10,27.72,1.00,1.00,21.00,-40.08,-0.06,0.02,-0.34,0.94
0.00,-0.12,0.99,-0.73,-0.55,-0.65,28.00,-7.08,-0.12,1008.10,27.72,1.00,1.00,21.00,-40.09,-0.06,0.02,-0.34,0.94
0.00,-0.12,0.99,0.07,-1.25,-0.74,27.99,-7.08,-0.15,1008.09,27.72,1.00,1.00,21.00,-40.11,-0.06,0.02,-0.34,0.94
0.00,-0.12,0.99,-0.13,-1.19,-0.46,28.00,-7.08,-0.18,1008.09,27.72,1.00,1.00,21.00,-40.12,-0.06,0.02,-0.34,0.94
0.01,-0.12,0.99,-0.75,-0.05,-0.28,27.99,-7.09,-0.18,1008.09,27.72,1.00,1.00,21.00,-40.13,-0.06,0.02,-0.34,0.94
0.01,-0.12,0.99,-0.33,0.89,0.32,27.98,-7.10,-0.18,1008.10,27.72,1.00,1.00,21.00,-40.12,-0.06,0.02,-0.34,0.94
0.00,-0.12,0.98,0.39,0.36,0.89,27.99,-7.09,-0.17,1008.10,27.72,1.00,1.00,21.00,-40.10,-0.06,0.02,-0.34,0.94
0.01,-0.12,0.99,0.69,-0.51,0.46,28.00,-7.07,-0.19,1008.09,27.72,1.00,1.00,21.00,-40.09,-0.06,0.02,-0.34,0.94
0.01,-0.13,1.00,0.42,-0.39,-0.27,28.00,-7.07,-0.20,1008.09,27.72,1.00,1.00,21.00,-40.10,-0.06,0.02,-0.34,0.94
0.01,-0.12,1.00,0.14,-0.41,-0.35,28.00,-7.06,-0.21,1008.09,27.72,1.00,1.00,21.00,-40.10,-0.06,0.02,-0.34,0.94
0.01,-0.13,0.99,-0.22,-0.48,0.54,27.99,-7.07,-0.23,1008.09,27.72,1.00,1.00,21.00,-40.09,-0.06,0.02,-0.34,0.94
0.00,-0.13,0.99,0.07,-0.56,0.80,27.98,-7.08,-0.24,1008.09,27.72,1.00,1.00,21.00,-40.08,-0.06,0.02,-0.34,0.94
0.00,-0.13,0.99,0.32,-0.07,0.07,27.99,-7.08,-0.23,1008.09,27.72,1.00,1.00,21.00,-40.07,-0.06,0.02,-0.34,0.94
0.00,-0.13,0.99,0.49,0.72,-0.53,27.98,-7.07,-0.22,1008.09,27.72,1.00,1.00,21.00,-40.08,-0.06,0.02,-0.34,0.94
0.00,-0.13,1.00,0.64,0.85,0.05,27.99,-7.06,-0.20,1008.09,27.72,1.00,1.00,21.00,-40.08,-0.06,0.02,-0.34,0.94
-0.00,-0.12,0.99,0.84,-0.00,0.83,27.99,-7.04,-0.19,1008.09,27.72,1.00,1.00,21.00,-40.07,-0.06,0.02,-0.34,0.94
0.00,-0.12,1.00,0.70,0.23,-0.20,27.99,-7.03,-0.18,1008.09,27.72,1.00,1.00,21.00,-40.07,-0.06,0.02,-0.34,0.94
-0.00,-0.12,1.01,0.39,0.58,-1.18,28.00,-7.02,-0.17,1008.09,27.72,1.00,1.00,21.00,-40.10,-0.06,0.02,-0.34,0.94
0.01,-0.12,1.00,0.02,-0.45,-0.93,27.99,-7.02,-0.18,1008.09,27.72,1.00,1.00,21.00,-40.11,-0.06,0.02,-0.34,0.94
0.00,-0.12,1.00,-1.15,-1.25,0.05,28.02,-7.03,-0.20,1008.09,27.72,1.00,1.00,21.00,-40.11,-0.06,0.02,-0.34,0.94
0.01,-0.12,0.99,-1.67,-0.70,-0.15,28.00,-7.07,-0.22,1008.09,27.72,1.00,1.00,21.00,-40.12,-0.06,0.02,-0.34,0.94
0.01,-0.12,0.99,-0.77,0.39,0.21,28.01,-7.08,-0.22,1008.08,27.72,1.00,1.00,21.00,-40.11,-0.06,0.02,-0.34,0.94
0.01,-0.13,0.99,-0.09,-0.30,1.24,28.02,-7.09,-0.23,1008.08,27.72,1.00,1.00,21.00,-40.09,-0.06,0.02,-0.34,0.94
0.00,-0.12,0.99,-0.83,-0.65,1.38,27.99,-7.10,-0.24,1008.08,27.72,1.00,1.00,21.00,-40.06,-0.06,0.02,-0.34,0.94
0.01,-0.12,0.99,-1.31,-0.19,0.51,28.03,-7.13,-0.25,1008.08,27.72,1.00,1.00,21.00,-40.05,-0.06,0.02,-0.34,0.94
0.01,-0.13,0.99,-0.29,-0.10,0.31,28.02,-7.14,-0.25,1008.08,27.72,1.00,1.00,21.00,-40.04,-0.06,0.02,-0.34,0.94
